Time,Value
10-May-2017 18:27:36,124.0335
10-May-2017 19:27:55,125.3179
10-May-2017 19:27:56,125.3179
10-May-2017 19:27:57,125.3179
10-May-2017 19:27:58,125.3179
10-May-2017 19:27:59,125.3179
10-May-2017 19:28:00,125.3179
10-May-2017 19:28:01,125.3179
10-May-2017 19:28:02,125.3179
10-May-2017 19:28:03,125.3179
10-May-2017 19:28:04,125.3179
10-May-2017 19:28:05,125.3179
10-May-2017 19:28:06,125.3179
10-May-2017 19:28:07,125.3179
10-May-2017 20:40:56,121.5361
10-May-2017 23:07:25,122.0485
10-May-2017 23:37:18,123.3329
11-May-2017 00:07:06,121.7955
11-May-2017 00:30:47,122.1783
11-May-2017 00:51:40,121.2182
11-May-2017 01:12:59,123.4562
11-May-2017 01:52:55,125.8303
11-May-2017 03:03:51,123.3329
11-May-2017 04:11:53,119.5511
11-May-2017 04:34:19,121.0236
11-May-2017 05:08:17,118.8441
11-May-2017 06:01:37,123.6508
11-May-2017 08:02:31,123.2032
11-May-2017 08:24:25,117.7543
11-May-2017 09:02:05,116.8591
11-May-2017 09:30:39,120.1868
11-May-2017 11:10:31,125.1881
11-May-2017 12:31:52,119.2916
11-May-2017 13:09:12,118.2019
11-May-2017 13:46:27,120.6409
11-May-2017 15:01:30,120.6409
11-May-2017 16:04:07,118.4613
11-May-2017 16:49:37,120.3166
11-May-2017 17:40:57,116.4699
11-May-2017 19:17:58,116.1521
11-May-2017 19:17:59,116.1521
11-May-2017 19:18:00,116.1521
11-May-2017 19:18:01,116.1521
11-May-2017 19:37:28,115.3153
11-May-2017 20:38:43,116.7294
11-May-2017 21:39:04,119.7392
11-May-2017 22:47:10,116.0872
11-May-2017 23:32:17,117.8192
12-May-2017 01:33:43,109.4837
12-May-2017 04:12:42,110.5734
12-May-2017 04:33:38,112.8179
12-May-2017 05:24:57,110.6383
12-May-2017 08:25:13,107.8166
12-May-2017 08:54:12,115.0623
12-May-2017 09:16:05,110.8329
12-May-2017 09:56:45,117.5597
12-May-2017 10:27:54,116.0872
12-May-2017 10:54:27,117.177
12-May-2017 11:22:46,118.9738
12-May-2017 12:02:51,118.7792
12-May-2017 13:11:01,118.3316
12-May-2017 13:42:18,123.4562
12-May-2017 14:31:35,125.0584
12-May-2017 16:02:54,126.4076
12-May-2017 17:33:49,125.7654
12-May-2017 21:21:01,127.8153
12-May-2017 21:37:34,128.3926
12-May-2017 21:37:35,128.3926
12-May-2017 21:37:36,128.3926
12-May-2017 21:37:37,128.3277
12-May-2017 21:37:38,128.3926
12-May-2017 21:37:39,128.3926
12-May-2017 21:37:40,128.3926
12-May-2017 21:37:41,128.3926
12-May-2017 23:40:06,128.0099
13-May-2017 00:21:00,125.5125
13-May-2017 01:14:16,126.6022
13-May-2017 02:09:02,124.4227
13-May-2017 02:49:17,122.4961
13-May-2017 03:28:22,116.2818
13-May-2017 04:20:18,114.6796
13-May-2017 04:48:00,117.8192
13-May-2017 07:11:55,120.4463
13-May-2017 09:32:02,121.6009
13-May-2017 10:24:07,125.3179
13-May-2017 11:44:24,127.5623
13-May-2017 14:22:42,135.314
13-May-2017 15:32:16,135.3788
13-May-2017 16:41:36,131.9214
13-May-2017 17:09:39,134.2242
13-May-2017 18:54:24,130.0597
13-May-2017 21:17:35,132.7517
13-May-2017 21:17:36,132.7517
13-May-2017 22:48:20,130.7019
14-May-2017 00:55:58,124.4227
14-May-2017 01:52:23,124.9351
14-May-2017 02:29:50,124.4876
14-May-2017 02:46:05,124.6108
14-May-2017 05:45:07,116.7942
14-May-2017 07:11:27,115.2569
14-May-2017 08:14:15,114.7444
14-May-2017 08:37:30,117.177
14-May-2017 09:17:12,116.1521
14-May-2017 10:19:04,118.3316
14-May-2017 10:46:31,119.2268
14-May-2017 11:09:14,121.8539
14-May-2017 11:56:00,122.2431
14-May-2017 12:42:01,123.0086
14-May-2017 13:22:18,122.1783
14-May-2017 13:42:05,123.3329
14-May-2017 14:31:15,124.9351
14-May-2017 15:09:23,124.3578
14-May-2017 15:58:04,124.0335
14-May-2017 16:58:43,124.2929
14-May-2017 17:29:35,121.6009
14-May-2017 17:44:59,122.1134
14-May-2017 18:32:51,121.6009
14-May-2017 20:18:11,116.1521
14-May-2017 21:07:38,116.2169
14-May-2017 21:07:39,116.1521
14-May-2017 21:07:40,116.1521
14-May-2017 21:07:41,116.2169
14-May-2017 23:29:23,118.9089
15-May-2017 00:00:12,118.8441
15-May-2017 01:32:35,115.2569
15-May-2017 02:14:48,117.2418
15-May-2017 03:09:56,117.4364
15-May-2017 05:40:38,119.9987
15-May-2017 08:34:24,121.8539
15-May-2017 09:21:04,123.5859
15-May-2017 11:04:47,128.8402
15-May-2017 13:56:07,128.7818
15-May-2017 16:05:00,132.1095
15-May-2017 19:23:53,134.6134
15-May-2017 20:37:41,134.3539
15-May-2017 21:48:18,132.8166
15-May-2017 22:17:36,129.7418
15-May-2017 22:17:37,129.7418
15-May-2017 22:17:38,129.7418
15-May-2017 22:17:39,129.7418
16-May-2017 01:05:40,126.3428
16-May-2017 01:32:12,125.3827
16-May-2017 05:01:58,129.0996
16-May-2017 06:34:54,126.2779
16-May-2017 07:50:29,121.9837
16-May-2017 15:50:28,121.7307
16-May-2017 21:58:09,121.7307
16-May-2017 21:58:10,121.7307
16-May-2017 21:58:11,121.7307
16-May-2017 21:58:12,121.7307
16-May-2017 21:58:13,121.7307
16-May-2017 21:58:14,121.7307
16-May-2017 21:58:15,121.7307
16-May-2017 21:58:16,121.7307
16-May-2017 21:58:17,121.7307
16-May-2017 21:58:18,121.7307
16-May-2017 21:58:19,121.7307
17-May-2017 05:58:19,121.7307
17-May-2017 09:47:21,121.7307
17-May-2017 09:47:22,105.0597
17-May-2017 10:02:14,106.2792
17-May-2017 10:36:39,102.1796
17-May-2017 12:57:33,102.1796
17-May-2017 20:57:32,102.1796
18-May-2017 00:07:44,102.1796
18-May-2017 00:07:45,102.1796
18-May-2017 00:07:46,102.1796
18-May-2017 02:38:51,102.1796
18-May-2017 02:38:52,111.7929
18-May-2017 03:11:12,104.424
18-May-2017 04:01:29,101.4725
18-May-2017 04:53:01,100.8952
18-May-2017 05:10:24,114.4201
18-May-2017 05:39:10,116.2818
18-May-2017 06:30:53,112.4351
18-May-2017 06:55:02,114.5498
18-May-2017 09:14:40,110.768
18-May-2017 10:32:03,110.4502
18-May-2017 10:52:43,111.7281
18-May-2017 11:44:14,113.3303
18-May-2017 13:43:11,113.3952
18-May-2017 13:59:35,114.9325
18-May-2017 15:16:55,113.8428
18-May-2017 16:10:58,121.7955
18-May-2017 18:36:25,125.3179
18-May-2017 20:09:08,121.4063
18-May-2017 21:55:09,117.2418
18-May-2017 22:55:11,119.7392
18-May-2017 23:27:45,119.0387
18-May-2017 23:27:46,119.0387
18-May-2017 23:27:47,119.097
19-May-2017 01:32:33,116.6645
19-May-2017 02:04:41,114.7444
19-May-2017 02:39:36,113.5249
19-May-2017 03:44:07,114.1022
19-May-2017 04:33:15,116.0872
19-May-2017 06:39:04,114.8677
19-May-2017 08:19:27,120.7058
19-May-2017 08:57:25,119.9987
19-May-2017 09:25:09,117.6894
19-May-2017 11:04:59,112.6233
19-May-2017 12:02:38,116.0223
19-May-2017 12:25:47,119.9338
19-May-2017 13:15:13,118.9089
19-May-2017 13:49:45,117.5597
19-May-2017 14:39:14,117.4948
19-May-2017 15:40:33,121.1534
19-May-2017 16:43:55,117.1121
19-May-2017 17:04:03,116.5996
19-May-2017 18:06:58,116.8591
19-May-2017 19:48:30,116.6645
19-May-2017 20:18:05,123.7805
19-May-2017 21:15:21,124.8054
19-May-2017 21:38:30,120.0636
19-May-2017 22:47:46,120.829
19-May-2017 22:47:47,120.829
19-May-2017 22:47:48,120.829
19-May-2017 22:47:49,120.829
19-May-2017 23:12:24,124.4227
19-May-2017 23:46:39,125.4476
20-May-2017 00:08:56,129.7418
20-May-2017 00:28:49,128.5223
20-May-2017 01:50:40,122.7556
20-May-2017 02:17:59,128.7169
20-May-2017 02:53:06,129.2294
20-May-2017 03:34:38,125.253
20-May-2017 05:15:52,126.0249
20-May-2017 06:45:10,126.9201
20-May-2017 07:28:19,122.1783
20-May-2017 10:29:49,123.0734
20-May-2017 11:46:00,121.0236
20-May-2017 13:48:34,127.6271
20-May-2017 14:28:03,128.4575
20-May-2017 20:52:30,129.8067
20-May-2017 22:54:25,128.9699
21-May-2017 00:00:19,126.7255
21-May-2017 00:57:53,126.3428
21-May-2017 00:57:54,126.3428
21-May-2017 00:57:55,126.3428
21-May-2017 00:57:56,126.3428
21-May-2017 00:57:57,126.3428
21-May-2017 00:57:58,126.3428
21-May-2017 00:57:59,126.3428
21-May-2017 00:58:00,126.3428
21-May-2017 00:58:01,126.3428
21-May-2017 00:58:02,126.3428
21-May-2017 02:06:33,130.1245
21-May-2017 05:53:49,132.3041
21-May-2017 08:39:44,132.369
21-May-2017 09:51:22,130.8965
21-May-2017 12:38:49,137.6232
21-May-2017 15:29:56,134.8015
21-May-2017 16:22:05,134.4188
21-May-2017 17:55:53,132.6868
21-May-2017 18:57:49,131.3441
21-May-2017 19:36:03,133.0112
21-May-2017 20:23:24,129.2294
22-May-2017 00:03:25,129.6121
22-May-2017 00:17:53,128.7818
22-May-2017 00:17:54,128.7818
22-May-2017 00:17:55,128.7169
22-May-2017 00:17:56,128.7818
22-May-2017 00:17:57,128.7169
22-May-2017 00:17:58,128.7169
22-May-2017 00:17:59,128.7169
22-May-2017 00:18:00,128.7169
22-May-2017 00:18:01,128.7169
22-May-2017 00:18:02,128.7169
22-May-2017 00:18:03,128.7818
22-May-2017 00:27:54,128.9699
22-May-2017 01:22:51,127.3677
22-May-2017 02:46:03,128.5872
22-May-2017 04:38:19,128.5872
22-May-2017 04:59:49,128.4575
22-May-2017 05:48:10,128.2693
22-May-2017 07:25:22,128.1396
22-May-2017 09:24:51,125.5125
22-May-2017 12:27:51,130.8316
22-May-2017 14:18:34,134.3539
22-May-2017 15:14:12,135.1259
22-May-2017 19:30:45,135.314
22-May-2017 21:03:05,136.1508
22-May-2017 21:59:28,132.7517
22-May-2017 22:18:57,132.2392
22-May-2017 23:15:53,131.7917
22-May-2017 23:51:02,131.6619
23-May-2017 00:07:56,132.0511
23-May-2017 00:07:57,132.0511
23-May-2017 00:07:58,132.0511
23-May-2017 00:07:59,132.0511
23-May-2017 00:08:00,132.0511
23-May-2017 00:08:01,132.0511
23-May-2017 00:08:02,132.0511
23-May-2017 00:08:03,132.0511
23-May-2017 00:08:04,132.0511
23-May-2017 00:08:05,132.0511
23-May-2017 00:08:06,132.0511
23-May-2017 00:08:07,132.0511
23-May-2017 00:08:08,132.0511
23-May-2017 00:17:56,132.6219
23-May-2017 00:17:57,132.5636
23-May-2017 00:17:58,132.5636
23-May-2017 00:17:59,132.5636
23-May-2017 00:18:00,132.5636
23-May-2017 00:51:43,131.8565
23-May-2017 01:16:06,131.6619
23-May-2017 01:58:53,130.384
23-May-2017 02:25:48,132.369
23-May-2017 03:36:23,128.8402
23-May-2017 04:19:57,130.8965
23-May-2017 04:46:36,130.7019
24-May-2017 14:34:32,133.9712
24-May-2017 15:13:21,126.8552
24-May-2017 15:50:11,126.8552
24-May-2017 16:22:16,126.0249
24-May-2017 17:09:36,127.8801
24-May-2017 17:49:20,126.9201
24-May-2017 18:09:11,127.4974
24-May-2017 18:47:03,127.4974
24-May-2017 19:04:52,127.0498
24-May-2017 20:37:37,125.8952
24-May-2017 21:15:54,126.4725
24-May-2017 22:03:23,125
24-May-2017 22:27:36,130.1894
24-May-2017 23:26:56,127.4974
25-May-2017 00:14:17,123.3978
25-May-2017 01:54:20,125.8952
25-May-2017 01:54:21,125.8952
25-May-2017 01:54:22,125.8952
25-May-2017 01:54:23,125.8952
25-May-2017 01:54:24,125.8952
25-May-2017 02:37:10,128.3277
25-May-2017 03:54:54,125
25-May-2017 04:12:46,124.6757
25-May-2017 04:30:14,125.3179
25-May-2017 07:30:31,129.5472
25-May-2017 08:15:19,127.2379
25-May-2017 08:34:56,122.3664
25-May-2017 09:08:42,121.2766
25-May-2017 10:22:03,121.7955
25-May-2017 11:05:34,124.2281
25-May-2017 11:43:47,127.8153
25-May-2017 12:27:48,127.7504
25-May-2017 14:07:57,123.7156
25-May-2017 15:54:35,128.5872
25-May-2017 17:04:59,122.8788
25-May-2017 17:42:51,122.3664
25-May-2017 18:33:06,128.0747
25-May-2017 20:00:27,132.7517
25-May-2017 20:58:51,128.2693
25-May-2017 21:21:50,130.1894
25-May-2017 22:31:42,130.7019
25-May-2017 23:15:09,131.0197
26-May-2017 00:03:01,134.289
26-May-2017 00:32:46,129.9948
26-May-2017 01:05:43,130.5721
26-May-2017 02:24:24,126.7255
26-May-2017 02:24:25,126.7255
26-May-2017 02:24:26,126.7255
26-May-2017 02:24:27,126.7255
26-May-2017 02:50:41,127.6271
26-May-2017 04:04:13,128.8402
26-May-2017 07:52:06,124.4227
26-May-2017 08:44:56,124.4227
26-May-2017 09:07:06,131.8565
26-May-2017 10:54:35,127.4974
26-May-2017 13:12:40,127.3028
26-May-2017 14:13:13,127.7504
26-May-2017 14:49:27,128.0747
26-May-2017 15:35:14,134.1658
26-May-2017 16:40:22,134.3539
26-May-2017 16:50:08,131.9214
26-May-2017 17:19:03,134.6783
26-May-2017 18:36:26,132.6219
26-May-2017 19:20:27,132.1744
26-May-2017 20:09:36,132.369
26-May-2017 20:47:45,132.9463
26-May-2017 21:05:57,132.369
26-May-2017 22:31:36,131.4738
26-May-2017 23:16:06,132.1095
26-May-2017 23:33:05,131.9214
27-May-2017 00:20:13,132.4987
27-May-2017 00:40:14,128.9699
27-May-2017 00:56:24,129.1645
27-May-2017 01:40:58,126.2779
27-May-2017 02:04:26,123.7156
27-May-2017 02:04:27,123.7156
27-May-2017 02:04:28,123.7156
27-May-2017 02:04:29,123.7805
27-May-2017 02:52:33,128.6521
27-May-2017 03:43:48,129.2942
27-May-2017 04:39:01,125
27-May-2017 05:07:47,124.8054
27-May-2017 06:27:20,125.6357
27-May-2017 07:54:42,122.6907
27-May-2017 09:32:11,123.8454
27-May-2017 10:00:45,127.0498
27-May-2017 10:52:06,130.5073
27-May-2017 12:19:38,129.677
27-May-2017 12:55:39,126.4076
27-May-2017 13:13:08,129.7418
27-May-2017 13:45:21,129.0348
27-May-2017 14:06:18,132.369
27-May-2017 14:54:25,135.9562
27-May-2017 15:38:20,133.2641
27-May-2017 16:24:54,130.4424
27-May-2017 18:25:01,131.2143
27-May-2017 20:17:57,136.6632
27-May-2017 22:38:42,135.7681
27-May-2017 23:36:17,132.9463
28-May-2017 00:24:58,131.2792
28-May-2017 01:10:53,131.3441
28-May-2017 03:03:52,130.8316
28-May-2017 03:54:31,129.6121
28-May-2017 03:54:32,129.6121
28-May-2017 03:54:33,129.6121
28-May-2017 03:54:34,129.6121
28-May-2017 03:54:35,129.6121
28-May-2017 03:54:36,129.6121
28-May-2017 03:54:37,129.6121
28-May-2017 05:41:54,126.985
28-May-2017 06:35:24,127.1147
28-May-2017 08:28:15,129.8716
28-May-2017 09:39:07,130.8316
28-May-2017 12:01:57,131.0846
28-May-2017 12:36:59,131.0846
28-May-2017 14:36:34,131.4738
28-May-2017 16:24:00,129.677
28-May-2017 19:19:59,132.4338
28-May-2017 22:33:42,133.2641
29-May-2017 01:12:09,128.5872
29-May-2017 03:34:33,126.6606
29-May-2017 03:34:34,126.6606
29-May-2017 03:34:35,126.6606
29-May-2017 03:34:36,126.7255
29-May-2017 04:38:27,128.2693
29-May-2017 06:22:28,131.7268
29-May-2017 07:03:01,131.7268
29-May-2017 08:34:36,135.061
29-May-2017 09:48:56,138.0708
29-May-2017 10:59:51,136.7929
29-May-2017 12:40:07,139.9325
29-May-2017 13:59:17,138.9076
29-May-2017 14:55:44,139.9325
29-May-2017 17:06:21,137.6232
29-May-2017 17:24:32,139.2255
29-May-2017 19:56:05,136.7281
29-May-2017 23:32:36,133.5885
30-May-2017 01:02:29,132.2392
30-May-2017 02:53:03,131.0197
30-May-2017 03:24:35,131.9214
30-May-2017 03:24:36,131.9214
30-May-2017 03:24:37,131.9214
30-May-2017 03:24:38,131.9214
30-May-2017 03:24:39,131.9214
30-May-2017 03:24:40,131.9214
30-May-2017 04:28:30,131.2143
30-May-2017 05:59:42,130.3192
30-May-2017 06:48:36,129.9948
30-May-2017 08:36:10,126.0898
30-May-2017 11:35:06,126.5374
30-May-2017 16:23:04,130.637
30-May-2017 17:39:27,134.3539
30-May-2017 19:15:35,132.2392
30-May-2017 20:13:09,132.7517
30-May-2017 20:59:08,134.6783
30-May-2017 22:22:01,132.369
31-May-2017 00:03:06,130.5721
31-May-2017 01:03:17,130.5073
31-May-2017 01:37:42,131.5322
31-May-2017 03:12:32,130.384
31-May-2017 03:38:21,132.1744
31-May-2017 04:29:44,131.7268
31-May-2017 05:00:55,131.7917
31-May-2017 05:27:11,134.1658
31-May-2017 05:27:12,134.1658
31-May-2017 05:27:13,134.1658
31-May-2017 05:27:14,134.1658
31-May-2017 05:27:15,134.1658
31-May-2017 05:27:16,134.1658
31-May-2017 05:27:17,134.1658
31-May-2017 05:27:18,134.1658
31-May-2017 05:27:19,134.1658
31-May-2017 05:27:20,134.1658
31-May-2017 05:27:21,134.1658
31-May-2017 05:27:22,134.1658
31-May-2017 05:27:23,134.1658
31-May-2017 05:27:24,134.1658
31-May-2017 05:27:25,134.1658
31-May-2017 05:37:11,132.7517
31-May-2017 05:37:12,132.7517
31-May-2017 05:37:13,132.6868
31-May-2017 07:39:03,129.4824
31-May-2017 08:57:36,127.4325
31-May-2017 09:23:07,127.8153
31-May-2017 09:33:52,129.1645
31-May-2017 09:56:16,129.9299
31-May-2017 10:47:53,131.8565
31-May-2017 12:22:23,130.3192
31-May-2017 13:39:37,132.8814
31-May-2017 14:14:00,130.0597
31-May-2017 16:00:42,131.2143
31-May-2017 17:05:42,133.0112
31-May-2017 18:21:40,132.6868
31-May-2017 19:18:33,130.5073
31-May-2017 20:00:16,129.2294
31-May-2017 22:37:24,133.2641
31-May-2017 23:23:05,131.8565
31-May-2017 23:50:41,134.4837
01-Jun-2017 01:17:49,133.6534
01-Jun-2017 04:08:52,132.7517
01-Jun-2017 04:47:12,132.4338
01-Jun-2017 04:47:13,132.4338
01-Jun-2017 04:47:14,132.369
01-Jun-2017 04:47:15,132.369
01-Jun-2017 04:47:16,132.369
01-Jun-2017 04:47:17,132.4338
01-Jun-2017 04:47:18,132.369
01-Jun-2017 04:47:19,132.4338
01-Jun-2017 04:47:20,132.369
01-Jun-2017 04:47:21,132.4338
01-Jun-2017 04:47:22,132.369
01-Jun-2017 04:47:23,132.369
01-Jun-2017 04:47:24,132.369
01-Jun-2017 04:57:12,131.8565
01-Jun-2017 04:57:13,131.8565
01-Jun-2017 04:57:14,131.9214
01-Jun-2017 04:57:15,131.8565
01-Jun-2017 04:57:16,131.8565
01-Jun-2017 05:37:57,129.677
01-Jun-2017 07:14:55,126.5374
01-Jun-2017 07:51:12,128.0099
01-Jun-2017 08:31:54,128.5223
01-Jun-2017 09:02:37,126.985
01-Jun-2017 12:17:28,127.4325
01-Jun-2017 18:10:53,133.9063
01-Jun-2017 21:49:33,139.6731
02-Jun-2017 00:34:10,132.5636
02-Jun-2017 01:13:36,132.1095
02-Jun-2017 02:28:12,126.8552
02-Jun-2017 05:47:25,123.9686
02-Jun-2017 06:14:45,124.2281
02-Jun-2017 06:27:18,123.8454
02-Jun-2017 06:27:19,123.8454
02-Jun-2017 06:27:20,123.8454
02-Jun-2017 06:27:21,123.8454
02-Jun-2017 06:27:22,123.8454
02-Jun-2017 06:27:23,123.8454
02-Jun-2017 06:27:24,123.8454
02-Jun-2017 06:27:25,123.8454
02-Jun-2017 06:27:26,123.8454
02-Jun-2017 06:27:27,123.8454
02-Jun-2017 06:27:28,123.8454
02-Jun-2017 06:27:29,123.8454
02-Jun-2017 06:27:30,123.8454
02-Jun-2017 06:37:18,123.6508
02-Jun-2017 06:37:19,123.6508
02-Jun-2017 06:37:20,123.6508
02-Jun-2017 06:37:21,123.6508
02-Jun-2017 09:08:46,130.5721
02-Jun-2017 10:49:52,136.021
02-Jun-2017 15:13:11,141.8526
02-Jun-2017 16:26:32,139.485
02-Jun-2017 18:22:11,143.3965
02-Jun-2017 19:11:53,142.3067
02-Jun-2017 21:28:33,138.6482
02-Jun-2017 23:39:26,135.5086
03-Jun-2017 02:34:33,133.5236
03-Jun-2017 04:33:18,132.4338
03-Jun-2017 05:47:19,129.2942
03-Jun-2017 05:47:20,129.3591
03-Jun-2017 05:47:21,129.3591
03-Jun-2017 05:47:22,129.2942
03-Jun-2017 05:47:23,129.3591
03-Jun-2017 05:47:24,129.2942
03-Jun-2017 05:47:25,129.2942
03-Jun-2017 05:47:26,129.3591
03-Jun-2017 05:47:27,129.3591
03-Jun-2017 05:57:19,129.9299
03-Jun-2017 05:57:20,129.9299
03-Jun-2017 05:57:21,129.9948
03-Jun-2017 05:57:22,129.9948
03-Jun-2017 05:57:23,129.9299
03-Jun-2017 05:57:24,129.9948
03-Jun-2017 05:57:25,129.9948
03-Jun-2017 05:57:26,129.9948
03-Jun-2017 08:06:16,133.9712
03-Jun-2017 10:44:17,140.8926
03-Jun-2017 13:00:34,141.5348
03-Jun-2017 16:26:46,136.2805
03-Jun-2017 16:54:58,137.3054
03-Jun-2017 17:58:38,142.4299
03-Jun-2017 19:15:31,139.2255
03-Jun-2017 20:45:29,138.5249
03-Jun-2017 23:23:44,138.1357
04-Jun-2017 02:00:28,137.8179
04-Jun-2017 07:06:56,136.021
04-Jun-2017 08:17:25,134.5485
04-Jun-2017 08:17:26,134.5485
04-Jun-2017 08:17:27,134.6134
04-Jun-2017 08:17:28,134.6134
04-Jun-2017 08:17:29,134.5485
04-Jun-2017 08:17:30,134.6134
04-Jun-2017 08:17:31,134.6134
04-Jun-2017 08:17:32,134.6134
04-Jun-2017 08:17:33,134.6134
04-Jun-2017 08:17:34,134.5485
04-Jun-2017 08:17:35,134.6134
04-Jun-2017 08:17:36,134.6134
04-Jun-2017 08:17:37,134.6134
04-Jun-2017 10:51:23,138.2654
04-Jun-2017 12:17:56,139.5498
04-Jun-2017 13:31:47,139.2904
04-Jun-2017 17:12:15,141.3402
05-Jun-2017 00:19:29,131.2792
05-Jun-2017 01:29:52,131.9214
05-Jun-2017 02:28:56,131.0197
05-Jun-2017 04:26:57,128.6521
05-Jun-2017 06:44:47,129.8067
05-Jun-2017 07:27:23,130.8316
05-Jun-2017 07:47:27,131.2792
05-Jun-2017 07:47:28,131.2792
05-Jun-2017 08:06:57,129.677
05-Jun-2017 11:51:54,124.9351
05-Jun-2017 12:42:58,126.7255
05-Jun-2017 13:13:04,121.6658
05-Jun-2017 15:11:28,119.8041
05-Jun-2017 16:01:33,121.7955
05-Jun-2017 19:11:47,121.7955
05-Jun-2017 19:54:17,126.5374
05-Jun-2017 21:16:25,121.7307
05-Jun-2017 23:09:30,123.6508
06-Jun-2017 00:33:22,121.1534
06-Jun-2017 05:41:50,121.7955
06-Jun-2017 06:02:44,126.0898
06-Jun-2017 07:06:31,120.2517
06-Jun-2017 07:27:29,119.0387
06-Jun-2017 07:27:30,119.0387
06-Jun-2017 07:27:31,119.0387
06-Jun-2017 07:27:32,119.0387
06-Jun-2017 07:27:33,119.0387
06-Jun-2017 07:27:34,119.0387
06-Jun-2017 07:27:35,119.0387
06-Jun-2017 07:27:36,119.0387
06-Jun-2017 07:27:37,119.0387
06-Jun-2017 07:27:38,119.0387
06-Jun-2017 07:27:39,119.0387
06-Jun-2017 07:27:40,119.0387
06-Jun-2017 07:27:41,119.097
06-Jun-2017 07:27:42,119.0387
06-Jun-2017 14:11:03,115.8342
06-Jun-2017 21:53:05,120.4463
07-Jun-2017 00:11:26,122.308
07-Jun-2017 01:03:03,125.0584
07-Jun-2017 01:25:41,124.2281
07-Jun-2017 02:06:11,124.4227
07-Jun-2017 02:56:54,127.945
07-Jun-2017 03:24:33,127.2379
07-Jun-2017 04:01:39,129.5472
07-Jun-2017 05:02:15,127.0498
07-Jun-2017 05:42:56,129.6121
07-Jun-2017 06:30:45,128.4575
07-Jun-2017 07:17:31,130.1894
07-Jun-2017 07:17:32,130.1245
07-Jun-2017 07:17:33,130.1245
07-Jun-2017 07:17:34,130.1894
07-Jun-2017 07:17:35,130.1894
07-Jun-2017 07:17:36,130.1245
07-Jun-2017 07:17:37,130.1245
07-Jun-2017 07:17:38,130.1894
07-Jun-2017 07:17:39,130.1245
07-Jun-2017 07:17:40,130.1245
07-Jun-2017 07:17:41,130.1894
07-Jun-2017 07:17:42,130.1894
07-Jun-2017 07:17:43,130.1245
07-Jun-2017 08:47:49,131.6619
07-Jun-2017 09:28:45,128.8402
07-Jun-2017 10:36:30,132.4987
07-Jun-2017 12:44:07,129.6121
07-Jun-2017 13:11:35,130.7019
07-Jun-2017 13:29:13,131.597
07-Jun-2017 14:28:40,134.3539
07-Jun-2017 15:47:45,132.3041
07-Jun-2017 16:20:37,129.8067
07-Jun-2017 16:38:16,132.4338
07-Jun-2017 16:57:30,130.637
07-Jun-2017 18:02:13,136.5335
07-Jun-2017 20:34:29,138.1357
07-Jun-2017 22:19:13,133.8415
08-Jun-2017 00:30:22,128.7169
08-Jun-2017 01:16:56,130.5073
08-Jun-2017 06:41:50,123.521
08-Jun-2017 09:27:37,129.2294
08-Jun-2017 09:27:38,129.2942
08-Jun-2017 09:27:39,129.2942
08-Jun-2017 09:27:40,129.2942
08-Jun-2017 09:47:07,129.0348
08-Jun-2017 12:15:02,133.5885
08-Jun-2017 13:44:21,138.8428
08-Jun-2017 15:03:46,140.0623
08-Jun-2017 15:54:41,138.9076
08-Jun-2017 16:44:28,139.4201
08-Jun-2017 19:30:44,140.3153
08-Jun-2017 22:40:19,135.5086
09-Jun-2017 00:20:28,134.0361
09-Jun-2017 01:13:52,134.9312
09-Jun-2017 02:38:59,133.5236
09-Jun-2017 03:43:25,132.8814
09-Jun-2017 07:44:36,132.6219
09-Jun-2017 08:47:39,133.9712
09-Jun-2017 08:47:40,133.9712
09-Jun-2017 09:07:08,133.4587
09-Jun-2017 14:52:20,143.0721
09-Jun-2017 15:29:57,142.5597
09-Jun-2017 16:06:18,143.5197
09-Jun-2017 16:59:33,140.3153
09-Jun-2017 18:12:40,138.2654
09-Jun-2017 18:57:44,135.8329
09-Jun-2017 19:51:04,134.289
09-Jun-2017 20:45:24,133.329
09-Jun-2017 21:11:58,135.7032
09-Jun-2017 21:48:42,137.8179
09-Jun-2017 23:22:41,132.8814
10-Jun-2017 01:10:48,129.7418
10-Jun-2017 02:34:37,129.8716
10-Jun-2017 03:34:03,132.7517
10-Jun-2017 07:06:48,135.314
10-Jun-2017 09:51:10,139.1606
10-Jun-2017 10:57:14,138.713
10-Jun-2017 10:57:15,138.713
10-Jun-2017 14:21:59,144.2268
10-Jun-2017 15:50:30,144.4214
10-Jun-2017 16:24:14,145.1868
10-Jun-2017 18:15:41,145.1868
10-Jun-2017 19:07:55,143.8441
10-Jun-2017 23:24:35,138.5249
11-Jun-2017 01:24:13,139.7379
11-Jun-2017 03:58:19,138.6482
11-Jun-2017 05:17:19,138.9076
11-Jun-2017 09:54:25,144.2917
11-Jun-2017 10:17:15,143.4549
11-Jun-2017 10:17:16,143.4549
11-Jun-2017 10:17:17,143.4549
11-Jun-2017 10:17:18,143.4549
11-Jun-2017 10:17:19,143.4549
11-Jun-2017 12:33:56,145.6344
11-Jun-2017 15:06:06,148.7156
11-Jun-2017 16:01:05,148.7156
11-Jun-2017 19:29:23,147.561
11-Jun-2017 22:29:04,143.6495
12-Jun-2017 01:00:31,140.8926
12-Jun-2017 03:21:08,139.7379
12-Jun-2017 08:14:25,138.0708
12-Jun-2017 10:27:17,143.9673
12-Jun-2017 10:27:18,143.9673
12-Jun-2017 10:27:19,143.9673
12-Jun-2017 10:27:20,143.9673
12-Jun-2017 16:27:03,149.9286
12-Jun-2017 19:15:43,148.7156
12-Jun-2017 22:17:49,145.829
12-Jun-2017 22:59:32,140.7045
13-Jun-2017 00:05:20,136.5335
13-Jun-2017 00:55:13,137.6232
13-Jun-2017 01:57:54,133.7766
13-Jun-2017 03:20:40,131.9214
13-Jun-2017 03:54:49,133.9712
13-Jun-2017 06:57:13,133.7766
13-Jun-2017 09:53:02,132.4338
13-Jun-2017 10:09:50,129.5472
13-Jun-2017 10:09:51,129.5472
13-Jun-2017 10:09:52,129.4824
13-Jun-2017 10:09:53,129.4824
13-Jun-2017 10:09:54,129.5472
13-Jun-2017 10:09:55,129.4824
13-Jun-2017 10:09:56,129.4824
13-Jun-2017 10:09:57,129.4824
13-Jun-2017 10:09:58,129.4824
13-Jun-2017 10:09:59,129.4824
13-Jun-2017 10:10:00,129.5472
13-Jun-2017 10:10:01,129.5472
13-Jun-2017 10:10:02,129.4824
13-Jun-2017 10:10:03,129.4824
13-Jun-2017 10:10:04,129.5472
13-Jun-2017 10:19:50,128.9699
13-Jun-2017 10:19:51,128.905
13-Jun-2017 10:19:52,128.905
13-Jun-2017 16:15:14,122.8788
13-Jun-2017 23:32:29,129.0348
14-Jun-2017 01:05:39,132.2392
14-Jun-2017 03:10:03,131.1495
14-Jun-2017 05:56:38,130.8965
14-Jun-2017 06:46:40,134.8015
14-Jun-2017 11:11:02,141.8526
14-Jun-2017 11:59:55,141.2169
14-Jun-2017 11:59:56,141.2753
14-Jun-2017 11:59:57,141.2753
14-Jun-2017 11:59:58,141.2753
14-Jun-2017 11:59:59,141.2753
14-Jun-2017 12:00:00,141.2753
14-Jun-2017 12:00:01,141.2753
14-Jun-2017 12:00:02,141.2753
14-Jun-2017 12:00:03,141.2753
14-Jun-2017 12:00:04,141.2169
14-Jun-2017 12:00:05,141.2169
14-Jun-2017 12:00:06,141.2753
14-Jun-2017 12:00:07,141.2753
14-Jun-2017 12:00:08,141.2169
14-Jun-2017 12:09:55,141.1521
14-Jun-2017 12:09:56,141.1521
14-Jun-2017 12:09:57,141.1521
14-Jun-2017 12:09:58,141.1521
14-Jun-2017 15:48:34,142.1121
14-Jun-2017 18:28:48,138.6482
14-Jun-2017 19:08:18,136.2805
14-Jun-2017 19:42:20,132.2392
14-Jun-2017 20:49:05,133.4587
14-Jun-2017 21:28:42,132.8814
14-Jun-2017 22:33:16,131.2792
15-Jun-2017 01:28:48,135.2556
15-Jun-2017 03:09:19,135.3788
15-Jun-2017 06:15:18,135.314
15-Jun-2017 08:11:04,136.021
15-Jun-2017 10:25:54,140.0623
15-Jun-2017 11:39:57,142.9424
15-Jun-2017 11:39:58,142.9424
15-Jun-2017 11:39:59,142.9424
15-Jun-2017 11:40:00,142.9424
15-Jun-2017 11:40:01,142.9424
15-Jun-2017 11:40:02,142.9424
15-Jun-2017 11:40:03,142.9424
15-Jun-2017 11:40:04,142.9424
15-Jun-2017 11:40:05,142.9424
15-Jun-2017 11:40:06,142.9424
15-Jun-2017 11:40:07,142.9424
15-Jun-2017 11:40:08,142.9424
15-Jun-2017 11:40:09,142.9424
15-Jun-2017 11:40:10,142.9424
15-Jun-2017 11:40:11,142.9424
15-Jun-2017 11:40:12,142.9424
15-Jun-2017 11:40:13,142.9424
15-Jun-2017 11:49:57,143.0073
15-Jun-2017 11:49:58,143.0073
15-Jun-2017 12:53:04,139.3552
15-Jun-2017 13:59:22,138.5833
15-Jun-2017 14:49:51,140.7045
15-Jun-2017 15:25:08,141.0872
15-Jun-2017 15:49:33,140.7045
15-Jun-2017 16:26:54,145.3166
15-Jun-2017 16:57:53,143.4549
15-Jun-2017 18:16:30,145.3814
15-Jun-2017 19:16:12,143.0721
15-Jun-2017 21:05:15,139.5498
15-Jun-2017 22:25:04,139.0374
16-Jun-2017 00:20:23,138.6482
16-Jun-2017 01:44:05,141.2169
16-Jun-2017 02:39:24,138.9076
16-Jun-2017 04:00:48,139.2904
16-Jun-2017 05:06:55,134.2242
16-Jun-2017 05:43:39,136.9811
16-Jun-2017 06:52:45,133.9712
16-Jun-2017 08:20:17,135.2556
16-Jun-2017 09:42:04,134.1658
16-Jun-2017 13:30:02,135.4437
16-Jun-2017 13:30:03,135.4437
16-Jun-2017 13:30:04,135.4437
16-Jun-2017 13:30:05,135.3788
16-Jun-2017 13:30:06,135.3788
16-Jun-2017 13:30:07,135.4437
16-Jun-2017 13:30:08,135.4437
16-Jun-2017 13:30:09,135.4437
16-Jun-2017 13:30:10,135.3788
16-Jun-2017 13:30:11,135.4437
16-Jun-2017 13:30:12,135.3788
16-Jun-2017 13:30:13,135.4437
16-Jun-2017 13:30:14,135.4437
16-Jun-2017 13:40:02,135.7681
16-Jun-2017 13:40:03,135.7681
16-Jun-2017 13:40:04,135.7681
16-Jun-2017 13:40:05,135.7681
16-Jun-2017 13:40:06,135.7681
16-Jun-2017 20:38:53,136.9811
16-Jun-2017 23:43:58,137.3703
17-Jun-2017 03:43:48,139.1606
17-Jun-2017 06:52:57,137.2405
17-Jun-2017 08:27:57,135.1259
17-Jun-2017 09:34:24,138.5249
17-Jun-2017 12:33:38,145.3166
17-Jun-2017 12:50:04,144.1619
17-Jun-2017 12:50:05,144.1619
17-Jun-2017 12:50:06,144.1619
17-Jun-2017 12:50:07,144.1619
17-Jun-2017 12:50:08,144.1619
17-Jun-2017 12:50:09,144.1619
17-Jun-2017 12:50:10,144.1619
17-Jun-2017 13:00:04,144.6744
17-Jun-2017 13:00:05,144.6095
17-Jun-2017 13:00:06,144.6095
17-Jun-2017 13:00:07,144.6095
17-Jun-2017 13:00:08,144.6095
17-Jun-2017 13:00:09,144.6095
17-Jun-2017 13:00:10,144.6095
17-Jun-2017 13:00:11,144.6095
17-Jun-2017 13:00:12,144.6095
17-Jun-2017 13:00:13,144.6095
17-Jun-2017 13:10:04,144.869
17-Jun-2017 15:28:46,143.0721
17-Jun-2017 17:30:50,146.6593
17-Jun-2017 20:00:32,145.0571
17-Jun-2017 22:45:47,135.6383
18-Jun-2017 00:32:37,135.5734
18-Jun-2017 02:21:18,136.9811
18-Jun-2017 09:56:38,133.1993
18-Jun-2017 12:30:06,134.8015
18-Jun-2017 12:30:07,134.8664
18-Jun-2017 12:30:08,134.8015
18-Jun-2017 12:30:09,134.8664
18-Jun-2017 12:30:10,134.8664
18-Jun-2017 12:30:11,134.8664
18-Jun-2017 12:30:12,134.8664
18-Jun-2017 12:30:13,134.8015
18-Jun-2017 12:30:14,134.8664
18-Jun-2017 12:30:15,134.8664
18-Jun-2017 12:40:05,135.3788
18-Jun-2017 12:40:06,135.4437
18-Jun-2017 12:40:07,135.4437
18-Jun-2017 12:40:08,135.3788
18-Jun-2017 12:40:09,135.4437
18-Jun-2017 12:40:10,135.4437
18-Jun-2017 12:40:11,135.4437
18-Jun-2017 12:40:12,135.4437
18-Jun-2017 15:49:36,136.6632
18-Jun-2017 18:19:55,136.1508
18-Jun-2017 22:49:00,136.9811
19-Jun-2017 00:50:49,137.1757
19-Jun-2017 02:21:06,135.6383
19-Jun-2017 04:31:10,133.9712
19-Jun-2017 05:07:45,136.8578
19-Jun-2017 08:23:38,127.692
19-Jun-2017 12:53:04,132.7517
19-Jun-2017 13:56:33,131.7268
19-Jun-2017 14:40:11,133.329
19-Jun-2017 14:40:12,133.329
19-Jun-2017 14:40:13,133.329
19-Jun-2017 14:40:14,133.329
19-Jun-2017 14:40:15,133.329
19-Jun-2017 14:40:16,133.329
19-Jun-2017 14:40:17,133.329
19-Jun-2017 14:40:18,133.329
19-Jun-2017 14:40:19,133.329
19-Jun-2017 14:40:20,133.329
19-Jun-2017 14:40:21,133.329
19-Jun-2017 14:40:22,133.329
19-Jun-2017 14:40:23,133.329
19-Jun-2017 15:24:38,131.2792
19-Jun-2017 17:19:32,123.9686
19-Jun-2017 18:34:52,124.6108
19-Jun-2017 20:20:08,123.8454
19-Jun-2017 23:19:10,125.3827
20-Jun-2017 01:30:56,127.4325
20-Jun-2017 04:56:13,122.2431
20-Jun-2017 07:49:26,123.0734
20-Jun-2017 10:26:16,128.2045
20-Jun-2017 13:42:36,127.2379
20-Jun-2017 14:29:43,123.0086
20-Jun-2017 14:29:44,123.0086
20-Jun-2017 14:29:45,123.0086
20-Jun-2017 15:28:35,122.6907
20-Jun-2017 15:28:38,119.869
20-Jun-2017 17:12:48,112.6233
20-Jun-2017 17:45:59,113.2006
20-Jun-2017 21:08:04,112.8179
21-Jun-2017 05:08:03,111.5335
21-Jun-2017 09:58:04,113.713
21-Jun-2017 14:19:45,117.6894
21-Jun-2017 14:19:46,117.6894
21-Jun-2017 14:19:47,117.6894
21-Jun-2017 14:19:48,117.6894
21-Jun-2017 14:19:49,117.6894
21-Jun-2017 22:19:48,119.616
22-Jun-2017 02:54:32,124.1632
22-Jun-2017 04:30:29,127.4325
22-Jun-2017 10:14:11,127.945
22-Jun-2017 16:00:21,132.1744
22-Jun-2017 16:00:22,132.1744
22-Jun-2017 16:00:23,132.1095
22-Jun-2017 16:00:24,132.1095
22-Jun-2017 16:00:25,132.1744
22-Jun-2017 16:00:26,132.1744
22-Jun-2017 16:00:27,132.1744
22-Jun-2017 18:03:56,131.2792
22-Jun-2017 21:19:56,130.3192
22-Jun-2017 23:28:57,127.8153
23-Jun-2017 00:24:21,128.5872
23-Jun-2017 02:03:08,133.4587
23-Jun-2017 04:51:21,134.2242
23-Jun-2017 06:02:05,134.1009
23-Jun-2017 07:31:25,131.0197
23-Jun-2017 10:03:33,138.0708
23-Jun-2017 10:41:34,137.3703
23-Jun-2017 11:13:24,136.0859
23-Jun-2017 13:51:08,141.0223
23-Jun-2017 15:18:04,142.5597
23-Jun-2017 15:49:52,144.4214
23-Jun-2017 15:49:53,144.4214
23-Jun-2017 15:49:54,144.4214
23-Jun-2017 15:49:55,144.4214
23-Jun-2017 17:42:57,142.3067
23-Jun-2017 19:29:01,141.8526
23-Jun-2017 21:55:00,140.3153
23-Jun-2017 23:15:09,137.4351
23-Jun-2017 23:43:23,136.4686
24-Jun-2017 01:03:33,134.6134
24-Jun-2017 01:38:10,134.289
24-Jun-2017 02:11:47,133.9063
24-Jun-2017 04:03:19,135.5086
24-Jun-2017 04:33:14,133.5236
24-Jun-2017 06:05:59,131.8565
24-Jun-2017 06:35:17,131.6619
24-Jun-2017 08:25:25,129.677
24-Jun-2017 09:40:46,133.2641
24-Jun-2017 10:22:05,134.7431
24-Jun-2017 11:33:15,137.0459
24-Jun-2017 13:30:39,136.8578
24-Jun-2017 17:04:41,138.5833
24-Jun-2017 17:19:35,137.0459
24-Jun-2017 17:59:58,138.9725
24-Jun-2017 17:59:59,138.9725
24-Jun-2017 18:00:00,138.9725
24-Jun-2017 18:00:01,138.9725
24-Jun-2017 18:00:02,138.9725
24-Jun-2017 19:50:34,139.2255
24-Jun-2017 20:25:47,137.0459
24-Jun-2017 22:41:59,139.1606
25-Jun-2017 00:39:53,133.9712
25-Jun-2017 00:57:23,135.1259
25-Jun-2017 02:48:45,134.6134
25-Jun-2017 03:32:36,134.9312
25-Jun-2017 03:56:14,133.7766
25-Jun-2017 04:28:18,130.8965
25-Jun-2017 04:38:38,133.5236
25-Jun-2017 06:57:36,129.6121
25-Jun-2017 07:46:30,128.3926
25-Jun-2017 08:43:06,133.076
25-Jun-2017 10:03:10,129.8716
25-Jun-2017 10:46:05,131.4738
25-Jun-2017 11:34:54,133.9063
25-Jun-2017 12:07:42,129.5472
25-Jun-2017 13:07:55,132.8814
25-Jun-2017 13:37:31,133.3939
25-Jun-2017 14:38:01,134.9961
25-Jun-2017 15:01:27,132.8814
25-Jun-2017 15:58:50,134.9312
25-Jun-2017 16:25:13,134.1658
25-Jun-2017 17:19:59,136.7929
25-Jun-2017 17:20:00,136.7281
25-Jun-2017 17:20:01,136.7281
25-Jun-2017 17:20:02,136.7929
25-Jun-2017 17:20:03,136.7281
25-Jun-2017 17:20:04,136.7281
25-Jun-2017 17:20:05,136.7929
25-Jun-2017 17:20:06,136.7929
25-Jun-2017 17:20:07,136.7281
25-Jun-2017 17:20:08,136.7929
25-Jun-2017 17:30:00,136.7929
25-Jun-2017 19:46:20,138.2006
25-Jun-2017 20:17:24,136.4686
25-Jun-2017 21:27:49,136.7929
25-Jun-2017 22:53:25,134.4188
26-Jun-2017 00:19:59,131.2143
26-Jun-2017 01:06:45,127.1147
26-Jun-2017 01:43:10,129.0996
26-Jun-2017 02:49:06,131.0846
26-Jun-2017 03:28:47,127.8801
26-Jun-2017 04:22:07,128.0747
26-Jun-2017 05:05:51,131.6619
26-Jun-2017 06:33:42,126.985
26-Jun-2017 07:06:40,130.1894
26-Jun-2017 07:47:29,131.2792
26-Jun-2017 10:13:21,134.4188
26-Jun-2017 11:42:42,132.0511
26-Jun-2017 13:03:30,131.3441
26-Jun-2017 13:47:40,132.369
26-Jun-2017 14:53:59,133.0112
26-Jun-2017 16:07:29,132.369
26-Jun-2017 16:44:56,133.076
26-Jun-2017 16:58:10,134.289
26-Jun-2017 17:41:48,131.2143
26-Jun-2017 18:09:56,133.9712
26-Jun-2017 18:34:30,129.5472
26-Jun-2017 19:10:05,126.5374
26-Jun-2017 19:10:06,126.5374
26-Jun-2017 19:10:07,126.5374
26-Jun-2017 19:10:08,126.5374
26-Jun-2017 19:10:09,126.5374
26-Jun-2017 19:10:10,126.5374
26-Jun-2017 19:10:11,126.5374
26-Jun-2017 19:10:12,126.5374
26-Jun-2017 19:10:13,126.5374
26-Jun-2017 19:10:14,126.5374
26-Jun-2017 19:10:15,126.5374
26-Jun-2017 19:10:16,126.5374
26-Jun-2017 19:10:17,126.5374
26-Jun-2017 19:10:18,126.5374
26-Jun-2017 19:10:19,126.5374
26-Jun-2017 19:10:20,126.5374
26-Jun-2017 19:10:21,126.5374
26-Jun-2017 19:10:22,126.5374
26-Jun-2017 19:20:05,126.213
26-Jun-2017 19:20:06,126.213
26-Jun-2017 19:20:07,126.1482
26-Jun-2017 19:51:07,130.8965
26-Jun-2017 20:10:33,128.9699
26-Jun-2017 23:07:17,124.8054
26-Jun-2017 23:41:40,130.5721
27-Jun-2017 00:50:55,122.7556
27-Jun-2017 02:55:14,125.4476
27-Jun-2017 03:26:30,127.2379
27-Jun-2017 04:42:56,124.8703
27-Jun-2017 05:24:53,125.5773
27-Jun-2017 06:19:11,126.9201
27-Jun-2017 07:04:22,126.6606
27-Jun-2017 09:03:36,125.7654
27-Jun-2017 10:52:21,125.3179
27-Jun-2017 17:00:49,130.5073
27-Jun-2017 17:26:30,131.3441
27-Jun-2017 18:40:07,134.2242
27-Jun-2017 18:40:08,134.289
27-Jun-2017 18:40:09,134.289
27-Jun-2017 18:40:10,134.289
27-Jun-2017 18:40:11,134.289
27-Jun-2017 18:40:12,134.289
27-Jun-2017 18:40:13,134.289
27-Jun-2017 18:40:14,134.289
27-Jun-2017 18:50:07,133.9712
27-Jun-2017 18:50:08,133.9712
27-Jun-2017 18:50:09,133.9712
27-Jun-2017 18:50:10,133.9712
27-Jun-2017 18:50:11,133.9712
27-Jun-2017 18:50:12,133.9712
27-Jun-2017 18:50:13,133.9712
27-Jun-2017 18:50:14,133.9712
27-Jun-2017 18:50:15,133.9712
27-Jun-2017 19:00:07,134.7431
27-Jun-2017 19:18:45,133.0112
27-Jun-2017 21:16:13,134.9961
28-Jun-2017 00:14:12,132.6219
28-Jun-2017 03:30:54,130.9613
28-Jun-2017 04:01:08,129.2942
28-Jun-2017 04:45:41,128.8402
28-Jun-2017 05:44:30,130.3192
28-Jun-2017 05:57:34,131.3441
28-Jun-2017 07:06:09,133.2641
28-Jun-2017 10:04:14,135.7032
28-Jun-2017 13:38:57,134.9312
28-Jun-2017 14:04:48,134.4188
28-Jun-2017 14:35:57,138.1357
28-Jun-2017 15:25:31,136.5335
28-Jun-2017 16:03:35,141.7294
28-Jun-2017 16:44:49,141.0872
28-Jun-2017 17:46:51,143.7792
28-Jun-2017 18:20:08,143.6495
28-Jun-2017 18:20:09,143.5846
28-Jun-2017 18:20:10,143.6495
28-Jun-2017 18:20:11,143.5846
28-Jun-2017 18:20:12,143.5846
28-Jun-2017 18:20:13,143.6495
28-Jun-2017 18:20:14,143.6495
28-Jun-2017 18:20:15,143.6495
28-Jun-2017 18:20:16,143.6495
28-Jun-2017 18:20:17,143.5846
28-Jun-2017 18:20:18,143.6495
28-Jun-2017 18:20:19,143.5846
28-Jun-2017 18:20:20,143.5846
28-Jun-2017 18:20:21,143.5846
28-Jun-2017 18:20:22,143.5846
28-Jun-2017 18:20:23,143.5846
28-Jun-2017 18:30:08,143.2019
28-Jun-2017 18:30:09,143.2019
28-Jun-2017 18:30:10,143.2019
28-Jun-2017 20:14:23,141.0223
28-Jun-2017 20:28:21,141.0223
28-Jun-2017 21:50:10,142.6894
28-Jun-2017 22:37:52,141.7294
28-Jun-2017 22:48:46,141.0872
28-Jun-2017 23:37:48,140.445
28-Jun-2017 23:56:07,139.7379
29-Jun-2017 00:31:55,138.4601
29-Jun-2017 01:40:05,134.1658
29-Jun-2017 03:54:52,137.2405
29-Jun-2017 06:00:47,137.1757
29-Jun-2017 07:31:14,135.2556
29-Jun-2017 10:16:05,135.9562
29-Jun-2017 11:34:31,137.5584
29-Jun-2017 12:35:43,137.5584
29-Jun-2017 13:50:09,141.2753
29-Jun-2017 14:36:55,139.6731
29-Jun-2017 15:41:07,140.7045
29-Jun-2017 16:52:39,140.8926
29-Jun-2017 18:10:10,140.5099
29-Jun-2017 18:10:11,140.445
29-Jun-2017 18:10:12,140.445
29-Jun-2017 18:10:13,140.445
29-Jun-2017 18:10:14,140.5099
29-Jun-2017 18:10:15,140.5099
29-Jun-2017 18:10:16,140.445
29-Jun-2017 18:10:17,140.445
29-Jun-2017 18:10:18,140.445
29-Jun-2017 18:10:19,140.445
29-Jun-2017 18:10:20,140.445
29-Jun-2017 18:10:21,140.5099
29-Jun-2017 18:10:22,140.445
29-Jun-2017 18:10:23,140.445
29-Jun-2017 18:20:10,140.6396
29-Jun-2017 18:20:11,140.6396
29-Jun-2017 18:20:12,140.6396
29-Jun-2017 18:20:13,140.6396
29-Jun-2017 19:02:57,139.6147
29-Jun-2017 20:56:04,136.4037
29-Jun-2017 22:29:22,134.289
29-Jun-2017 23:27:28,134.8664
29-Jun-2017 23:59:01,132.369
30-Jun-2017 00:33:10,133.329
30-Jun-2017 01:52:57,135.7681
30-Jun-2017 02:49:53,133.1409
30-Jun-2017 04:15:17,132.9463
30-Jun-2017 05:50:30,128.8402
30-Jun-2017 07:22:42,132.8166
30-Jun-2017 10:02:49,132.8814
30-Jun-2017 11:40:59,136.7929
30-Jun-2017 12:36:00,135.7032
30-Jun-2017 13:10:53,129.1645
30-Jun-2017 13:31:46,133.8415
30-Jun-2017 14:08:51,135.9562
30-Jun-2017 14:28:52,132.9463
30-Jun-2017 14:42:11,133.3939
30-Jun-2017 14:58:27,131.3441
30-Jun-2017 17:05:47,136.6632
30-Jun-2017 18:09:33,133.1993
30-Jun-2017 19:08:49,136.4686
30-Jun-2017 20:00:16,136.4686
30-Jun-2017 20:00:17,136.4686
30-Jun-2017 20:00:18,136.4686
30-Jun-2017 20:00:19,136.4686
30-Jun-2017 20:00:20,136.4686
30-Jun-2017 20:00:21,136.4037
30-Jun-2017 20:00:22,136.4686
30-Jun-2017 20:10:16,135.9562
30-Jun-2017 20:10:17,136.021
30-Jun-2017 20:10:18,135.9562
30-Jun-2017 20:10:19,135.9562
30-Jun-2017 20:10:20,135.9562
30-Jun-2017 20:10:21,135.9562
30-Jun-2017 20:10:22,135.9562
30-Jun-2017 20:10:23,135.9562
30-Jun-2017 20:10:24,135.9562
30-Jun-2017 20:10:25,135.9562
30-Jun-2017 20:20:16,136.021
30-Jun-2017 22:39:41,135.2556
01-Jul-2017 00:40:46,136.9811
01-Jul-2017 01:27:17,135.7681
01-Jul-2017 05:35:23,138.3952
01-Jul-2017 06:14:43,137.6881
01-Jul-2017 07:26:31,138.4601
01-Jul-2017 08:28:54,131.1495
01-Jul-2017 09:22:17,136.4686
01-Jul-2017 11:47:19,130.5721
01-Jul-2017 13:42:56,134.9312
01-Jul-2017 15:04:59,131.2792
01-Jul-2017 15:32:43,136.0859
01-Jul-2017 18:02:31,138.8428
01-Jul-2017 18:50:30,138.2006
01-Jul-2017 19:16:50,136.7929
01-Jul-2017 19:20:17,136.4686
01-Jul-2017 19:20:18,136.4686
01-Jul-2017 19:20:19,136.4686
01-Jul-2017 19:20:20,136.5335
01-Jul-2017 19:20:21,136.5335
01-Jul-2017 19:20:22,136.5335
01-Jul-2017 19:30:17,136.2805
01-Jul-2017 19:30:18,136.2805
01-Jul-2017 19:30:19,136.2805
01-Jul-2017 19:30:20,136.2805
01-Jul-2017 19:30:21,136.2156
01-Jul-2017 19:30:22,136.2805
01-Jul-2017 19:30:23,136.2805
01-Jul-2017 19:30:24,136.2805
01-Jul-2017 19:30:25,136.2805
01-Jul-2017 19:30:26,136.2805
01-Jul-2017 19:40:17,138.7779
01-Jul-2017 20:50:10,135.4437
01-Jul-2017 21:20:15,137.3703
01-Jul-2017 23:10:46,136.2805
02-Jul-2017 00:14:21,133.329
02-Jul-2017 00:35:24,135.314
02-Jul-2017 01:09:21,135.4437
02-Jul-2017 01:59:09,136.1508
02-Jul-2017 02:38:42,136.3454
02-Jul-2017 03:32:05,137.4351
02-Jul-2017 05:17:57,133.8415
02-Jul-2017 06:14:01,128.905
02-Jul-2017 06:46:54,132.4987
02-Jul-2017 08:52:33,134.1009
02-Jul-2017 11:50:08,132.8166
02-Jul-2017 14:57:15,137.8179
02-Jul-2017 16:07:07,138.7779
02-Jul-2017 18:51:02,140.7045
02-Jul-2017 19:00:18,137.0459
02-Jul-2017 19:00:19,137.0459
02-Jul-2017 19:00:20,137.0459
02-Jul-2017 19:00:21,137.0459
02-Jul-2017 19:00:22,137.0459
02-Jul-2017 19:00:23,137.0459
02-Jul-2017 19:00:24,137.0459
02-Jul-2017 19:00:25,137.0459
02-Jul-2017 19:00:26,137.0459
02-Jul-2017 19:00:27,137.0459
02-Jul-2017 19:00:28,137.0459
02-Jul-2017 19:00:29,137.0459
02-Jul-2017 19:00:30,136.9811
02-Jul-2017 19:00:31,137.0459
02-Jul-2017 19:00:32,137.0459
02-Jul-2017 19:10:18,132.1095
02-Jul-2017 19:10:19,132.1744
02-Jul-2017 19:10:20,132.1744
02-Jul-2017 20:43:52,133.6534
03-Jul-2017 00:41:29,134.1009
03-Jul-2017 02:20:30,135.8913
03-Jul-2017 03:51:50,137.3703
03-Jul-2017 05:40:28,139.0957
03-Jul-2017 06:45:53,132.9463
03-Jul-2017 07:07:44,129.1645
03-Jul-2017 11:22:46,125.5125
03-Jul-2017 17:45:44,126.7255
03-Jul-2017 19:10:32,133.7766
03-Jul-2017 19:58:21,132.4987
03-Jul-2017 20:50:25,133.329
03-Jul-2017 20:50:26,133.329
03-Jul-2017 20:50:27,133.329
03-Jul-2017 20:50:28,133.3939
03-Jul-2017 20:50:29,133.3939
03-Jul-2017 20:50:30,133.329
03-Jul-2017 20:50:31,133.3939
03-Jul-2017 20:50:32,133.3939
03-Jul-2017 20:50:33,133.3939
03-Jul-2017 20:50:34,133.3939
03-Jul-2017 22:06:54,134.1658
03-Jul-2017 22:47:22,134.7431
03-Jul-2017 23:15:30,134.0361
04-Jul-2017 00:27:56,136.8578
04-Jul-2017 00:40:50,133.5236
04-Jul-2017 01:01:04,133.5236
04-Jul-2017 01:15:06,134.0361
04-Jul-2017 01:28:52,135.1259
04-Jul-2017 02:07:30,138.0708
04-Jul-2017 03:22:05,139.6147
05-Jul-2017 03:05:46,121.2182
05-Jul-2017 03:15:22,121.7307
05-Jul-2017 03:15:23,121.6658
05-Jul-2017 03:15:24,121.7307
05-Jul-2017 03:15:25,121.7307
05-Jul-2017 03:15:26,121.6658
05-Jul-2017 03:15:27,121.7307
05-Jul-2017 03:15:28,121.7307
05-Jul-2017 03:15:29,121.7307
05-Jul-2017 03:15:30,121.6658
05-Jul-2017 03:15:31,121.6658
05-Jul-2017 03:15:32,121.7307
05-Jul-2017 03:15:33,121.7307
05-Jul-2017 03:15:34,121.6658
05-Jul-2017 03:15:35,121.7307
05-Jul-2017 03:15:36,121.7307
05-Jul-2017 03:15:37,121.7307
05-Jul-2017 03:34:52,120.2517
05-Jul-2017 03:34:53,120.2517
05-Jul-2017 03:34:54,120.2517
05-Jul-2017 03:34:55,120.2517
05-Jul-2017 03:34:56,120.1868
05-Jul-2017 03:34:57,120.2517
05-Jul-2017 03:34:58,120.2517
05-Jul-2017 03:34:59,120.1868
05-Jul-2017 03:35:00,120.2517
05-Jul-2017 09:22:10,121.0236
05-Jul-2017 13:19:19,125.0584
05-Jul-2017 17:59:45,126.213
05-Jul-2017 22:59:22,124.3578
06-Jul-2017 00:27:47,124.9351
06-Jul-2017 04:20:49,122.1783
06-Jul-2017 05:14:57,124.3578
06-Jul-2017 05:14:58,124.3578
06-Jul-2017 05:14:59,124.3578
06-Jul-2017 05:15:00,124.3578
06-Jul-2017 05:15:01,124.3578
06-Jul-2017 05:15:02,124.3578
06-Jul-2017 06:18:20,123.521
06-Jul-2017 08:26:01,123.8454
06-Jul-2017 09:08:55,124.4227
06-Jul-2017 09:45:02,121.1534
06-Jul-2017 11:32:48,129.2942
06-Jul-2017 13:43:17,133.5236
06-Jul-2017 14:13:55,132.8814
06-Jul-2017 19:56:26,143.0721
07-Jul-2017 01:58:31,141.2753
07-Jul-2017 03:01:37,134.9312
07-Jul-2017 04:34:59,134.289
07-Jul-2017 04:35:00,134.289
07-Jul-2017 04:35:01,134.2242
07-Jul-2017 04:35:02,134.289
07-Jul-2017 04:35:03,134.289
07-Jul-2017 04:35:04,134.2242
07-Jul-2017 04:35:05,134.2242
07-Jul-2017 06:05:48,131.4738
07-Jul-2017 08:09:30,134.8664
07-Jul-2017 10:37:08,129.9299
07-Jul-2017 13:14:56,132.3041
07-Jul-2017 14:06:05,128.4575
07-Jul-2017 14:42:23,129.8716
07-Jul-2017 15:14:28,136.5335
07-Jul-2017 15:53:55,137.4351
07-Jul-2017 16:33:58,134.9961
07-Jul-2017 16:58:18,138.9725
07-Jul-2017 17:59:40,140.1855
07-Jul-2017 18:15:11,140.1855
07-Jul-2017 19:56:14,134.7431
07-Jul-2017 20:52:55,132.6219
07-Jul-2017 22:40:51,133.076
08-Jul-2017 01:39:13,137.8179
08-Jul-2017 02:02:47,136.7929
08-Jul-2017 03:05:52,135.5734
08-Jul-2017 04:15:26,134.9961
08-Jul-2017 05:10:52,135.9562
08-Jul-2017 05:53:44,138.006
08-Jul-2017 06:20:23,136.2805
08-Jul-2017 06:45:05,134.4837
08-Jul-2017 06:45:06,134.4837
08-Jul-2017 06:45:07,134.4837
08-Jul-2017 06:45:08,134.4837
08-Jul-2017 06:45:09,134.4837
08-Jul-2017 06:45:10,134.4837
08-Jul-2017 08:19:21,134.1658
08-Jul-2017 09:02:46,131.3441
08-Jul-2017 09:38:50,132.8814
08-Jul-2017 13:03:43,129.4175
08-Jul-2017 13:39:26,132.4338
08-Jul-2017 16:35:51,133.2641
08-Jul-2017 21:06:38,132.1095
08-Jul-2017 22:42:46,129.5472
09-Jul-2017 00:53:36,126.4725
09-Jul-2017 03:03:39,129.4824
09-Jul-2017 06:05:06,129.2294
09-Jul-2017 06:05:07,129.2294
09-Jul-2017 06:05:08,129.2294
09-Jul-2017 06:05:09,129.2294
09-Jul-2017 06:05:10,129.2294
09-Jul-2017 06:05:11,129.2294
09-Jul-2017 06:15:06,129.2942
09-Jul-2017 06:15:07,129.2942
09-Jul-2017 06:15:08,129.2942
09-Jul-2017 06:15:09,129.2942
09-Jul-2017 06:15:10,129.3591
09-Jul-2017 06:15:11,129.2942
09-Jul-2017 06:15:12,129.3591
09-Jul-2017 06:15:13,129.2942
09-Jul-2017 06:15:14,129.2942
09-Jul-2017 06:15:15,129.2942
09-Jul-2017 06:15:16,129.2942
09-Jul-2017 06:25:06,129.677
09-Jul-2017 07:56:28,133.329
09-Jul-2017 09:11:34,133.7766
09-Jul-2017 10:53:55,138.1357
09-Jul-2017 14:11:41,140.6396
09-Jul-2017 17:33:10,143.7143
09-Jul-2017 20:28:00,137.8827
09-Jul-2017 21:37:27,133.7117
09-Jul-2017 23:55:13,133.2641
10-Jul-2017 01:19:51,133.2641
10-Jul-2017 02:47:30,133.0112
10-Jul-2017 05:12:17,133.6534
10-Jul-2017 06:37:03,132.8166
10-Jul-2017 06:52:44,129.2294
10-Jul-2017 08:05:12,132.6219
10-Jul-2017 08:05:13,132.6219
10-Jul-2017 08:05:14,132.6219
10-Jul-2017 08:05:15,132.6868
10-Jul-2017 08:05:16,132.6219
10-Jul-2017 08:05:17,132.6868
10-Jul-2017 08:05:18,132.6219
10-Jul-2017 08:05:19,132.6219
10-Jul-2017 08:05:20,132.6219
10-Jul-2017 08:05:21,132.6219
10-Jul-2017 08:05:22,132.6219
10-Jul-2017 08:05:23,132.6219
10-Jul-2017 08:05:24,132.6219
10-Jul-2017 08:05:25,132.6219
10-Jul-2017 08:05:26,132.6219
10-Jul-2017 08:15:12,132.8166
10-Jul-2017 08:15:13,132.8166
10-Jul-2017 08:15:14,132.7517
10-Jul-2017 09:00:13,134.0361
10-Jul-2017 09:27:13,132.2392
10-Jul-2017 09:49:55,131.0846
10-Jul-2017 12:04:29,136.8578
10-Jul-2017 13:10:48,136.4686
10-Jul-2017 14:18:12,136.2805
10-Jul-2017 15:11:03,138.9725
10-Jul-2017 18:16:51,137.6881
10-Jul-2017 20:11:18,135.7032
10-Jul-2017 21:11:26,135.7032
10-Jul-2017 22:53:03,135.1259
10-Jul-2017 23:18:25,137.9476
11-Jul-2017 00:49:52,131.9214
11-Jul-2017 02:17:45,133.1993
11-Jul-2017 04:40:35,133.329
11-Jul-2017 06:33:29,134.3539
11-Jul-2017 07:19:33,130.8965
11-Jul-2017 08:30:16,128.4575
11-Jul-2017 08:30:17,128.5223
11-Jul-2017 08:30:18,128.4575
11-Jul-2017 08:30:19,128.4575
11-Jul-2017 08:30:20,128.5223
11-Jul-2017 08:49:45,127.4325
11-Jul-2017 14:20:02,123.7805
11-Jul-2017 14:33:59,124.4227
11-Jul-2017 14:34:41,124.4227
11-Jul-2017 18:56:14,129.1645
12-Jul-2017 02:42:03,130.5721
12-Jul-2017 04:39:05,136.9811
12-Jul-2017 06:03:27,136.1508
12-Jul-2017 07:04:16,135.7032
12-Jul-2017 08:10:17,135.3788
12-Jul-2017 08:10:18,135.3788
12-Jul-2017 08:10:19,135.3788
12-Jul-2017 08:10:20,135.3788
12-Jul-2017 08:10:21,135.4437
12-Jul-2017 08:10:22,135.3788
12-Jul-2017 08:10:23,135.4437
12-Jul-2017 08:10:24,135.4437
12-Jul-2017 08:29:47,136.021
12-Jul-2017 09:17:23,134.9312
12-Jul-2017 09:59:45,135.061
12-Jul-2017 10:27:03,133.6534
12-Jul-2017 10:43:30,129.5472
12-Jul-2017 11:14:38,135.6383
12-Jul-2017 12:24:32,134.289
12-Jul-2017 13:20:01,133.076
12-Jul-2017 13:45:27,132.0511
12-Jul-2017 14:43:25,135.5086
12-Jul-2017 16:33:09,136.7929
12-Jul-2017 19:49:42,137.0459
12-Jul-2017 23:47:25,137.2405
13-Jul-2017 02:23:23,138.7779
13-Jul-2017 05:13:35,135.7681
13-Jul-2017 07:47:04,135.5086
13-Jul-2017 08:20:20,134.9312
13-Jul-2017 08:20:21,134.8664
13-Jul-2017 08:20:22,134.8015
13-Jul-2017 08:20:23,134.8664
13-Jul-2017 08:38:32,135.314
13-Jul-2017 08:39:50,135.5734
13-Jul-2017 09:55:49,133.7117
13-Jul-2017 12:17:07,135.3788
13-Jul-2017 16:34:43,140.7628
13-Jul-2017 19:22:59,137.8179
13-Jul-2017 21:32:04,134.8015
13-Jul-2017 22:22:17,136.3454
13-Jul-2017 23:59:12,134.7431
14-Jul-2017 02:58:27,135.5086
14-Jul-2017 04:10:21,134.8015
14-Jul-2017 05:18:22,135.3788
14-Jul-2017 06:32:57,136.0859
14-Jul-2017 07:28:09,133.7766
14-Jul-2017 08:00:22,134.1009
14-Jul-2017 08:00:23,134.0361
14-Jul-2017 08:00:24,134.0361
14-Jul-2017 08:00:25,134.1009
14-Jul-2017 08:00:26,134.1658
14-Jul-2017 08:00:27,134.1658
14-Jul-2017 08:00:28,134.1658
14-Jul-2017 08:19:51,135.061
14-Jul-2017 10:11:27,134.0361
14-Jul-2017 11:29:46,134.9312
14-Jul-2017 11:57:33,132.2392
14-Jul-2017 12:29:15,132.4987
14-Jul-2017 12:58:17,132.7517
14-Jul-2017 19:52:18,130.5721
14-Jul-2017 20:37:12,132.4987
14-Jul-2017 21:19:39,136.7929
14-Jul-2017 22:14:08,139.0374
14-Jul-2017 22:50:00,138.8428
14-Jul-2017 23:27:12,137.8827
15-Jul-2017 00:35:44,137.6881
15-Jul-2017 01:18:30,136.2156
15-Jul-2017 02:03:53,136.3454
15-Jul-2017 02:56:24,135.8913
15-Jul-2017 03:32:12,133.9712
15-Jul-2017 03:54:39,137.0459
15-Jul-2017 04:39:51,133.9712
15-Jul-2017 05:34:44,132.7517
15-Jul-2017 07:01:35,130.7019
15-Jul-2017 08:59:55,128.7169
15-Jul-2017 08:59:56,128.7169
15-Jul-2017 08:59:57,128.7169
15-Jul-2017 08:59:58,128.7169
15-Jul-2017 08:59:59,128.7169
15-Jul-2017 10:08:12,132.5636
15-Jul-2017 11:37:57,130.7019
15-Jul-2017 12:21:58,136.0859
15-Jul-2017 13:37:12,132.6868
15-Jul-2017 14:34:28,133.1409
15-Jul-2017 15:16:03,135.1259
15-Jul-2017 17:20:38,139.5498
15-Jul-2017 18:16:07,139.4201
15-Jul-2017 20:31:38,139.3552
15-Jul-2017 23:48:27,134.3539
16-Jul-2017 00:40:30,136.4686
16-Jul-2017 03:39:16,135.1259
16-Jul-2017 04:30:44,134.9961
16-Jul-2017 05:15:13,134.2242
16-Jul-2017 05:40:04,135.8913
16-Jul-2017 06:05:15,135.1259
16-Jul-2017 06:15:20,134.6783
16-Jul-2017 08:12:01,127.8801
16-Jul-2017 09:46:19,127.4325
16-Jul-2017 11:10:01,127.1147
16-Jul-2017 11:10:02,127.1147
16-Jul-2017 11:10:03,127.1147
16-Jul-2017 11:10:04,127.1147
16-Jul-2017 12:15:28,128.905
16-Jul-2017 12:37:45,131.6619
16-Jul-2017 13:23:29,129.1645
16-Jul-2017 15:08:10,126.3428
16-Jul-2017 16:41:41,126.6606
16-Jul-2017 19:36:40,129.8716
16-Jul-2017 20:27:15,134.3539
16-Jul-2017 21:25:28,134.4188
16-Jul-2017 23:04:37,137.6881
17-Jul-2017 00:07:59,138.6482
17-Jul-2017 00:35:21,133.7766
17-Jul-2017 00:51:34,134.9961
17-Jul-2017 02:57:02,137.3054
17-Jul-2017 04:58:15,133.5236
17-Jul-2017 05:42:04,134.7431
17-Jul-2017 06:13:33,132.6868
17-Jul-2017 07:07:02,135.3788
17-Jul-2017 07:53:04,133.5236
17-Jul-2017 09:17:12,131.5322
17-Jul-2017 10:05:07,134.5485
17-Jul-2017 10:30:33,134.9961
17-Jul-2017 10:30:34,134.9961
17-Jul-2017 10:30:35,135.061
17-Jul-2017 10:30:36,135.061
17-Jul-2017 10:50:03,134.7431
17-Jul-2017 12:07:32,136.8578
17-Jul-2017 12:59:50,138.5249
17-Jul-2017 13:42:46,135.7681
17-Jul-2017 14:09:25,136.9811
17-Jul-2017 14:36:03,134.4837
17-Jul-2017 15:01:32,138.006
17-Jul-2017 16:15:05,134.9312
17-Jul-2017 17:28:24,135.5086
17-Jul-2017 17:53:55,137.753
17-Jul-2017 20:19:06,136.8578
17-Jul-2017 22:17:01,132.369
18-Jul-2017 00:23:46,133.1409
18-Jul-2017 01:20:10,132.0511
18-Jul-2017 02:11:33,130.3192
18-Jul-2017 03:28:24,132.4338
18-Jul-2017 04:31:47,131.2143
18-Jul-2017 05:29:30,133.2641
18-Jul-2017 06:48:54,132.0511
18-Jul-2017 08:45:16,128.4575
18-Jul-2017 10:26:03,127.6271
18-Jul-2017 10:26:04,127.5623
18-Jul-2017 10:26:05,127.5623
18-Jul-2017 10:26:06,127.6271
18-Jul-2017 10:26:07,127.5623
18-Jul-2017 10:26:08,127.6271
18-Jul-2017 10:26:09,127.6271
18-Jul-2017 10:26:10,127.6271
18-Jul-2017 10:26:11,127.6271
18-Jul-2017 10:26:12,127.5623
18-Jul-2017 10:26:13,127.5623
18-Jul-2017 10:36:03,128.2045
18-Jul-2017 10:36:04,128.2045
18-Jul-2017 10:36:05,128.2045
18-Jul-2017 10:36:06,128.2045
18-Jul-2017 10:36:07,128.2045
18-Jul-2017 10:36:08,128.2045
18-Jul-2017 10:36:09,128.2045
18-Jul-2017 10:36:10,128.2045
18-Jul-2017 10:36:11,128.2045
18-Jul-2017 13:09:41,132.4338
18-Jul-2017 16:11:51,135.5734
18-Jul-2017 21:59:06,134.1658
19-Jul-2017 01:16:35,131.2792
19-Jul-2017 03:25:00,136.3454
19-Jul-2017 06:06:03,137.6232
19-Jul-2017 09:00:53,140.7045
19-Jul-2017 09:28:55,140.445
19-Jul-2017 10:05:22,140.5747
19-Jul-2017 10:51:22,138.0708
19-Jul-2017 11:38:49,142.4948
19-Jul-2017 12:22:39,139.9325
19-Jul-2017 13:26:10,141.0223
19-Jul-2017 13:26:11,141.0223
19-Jul-2017 13:26:12,141.0223
19-Jul-2017 13:26:13,141.0223
19-Jul-2017 13:26:14,141.0223
19-Jul-2017 13:26:15,141.0223
19-Jul-2017 13:26:16,141.0223
19-Jul-2017 13:36:10,140.1855
19-Jul-2017 13:36:11,140.1272
19-Jul-2017 13:36:12,140.1855
19-Jul-2017 13:36:13,140.1272
19-Jul-2017 13:36:14,140.1272
19-Jul-2017 13:36:15,140.0623
19-Jul-2017 13:36:16,140.1272
19-Jul-2017 13:36:17,140.1272
19-Jul-2017 13:36:18,140.1272
19-Jul-2017 13:36:19,140.1272
19-Jul-2017 13:46:10,138.9725
19-Jul-2017 15:05:18,136.3454
19-Jul-2017 18:11:47,137.8179
19-Jul-2017 19:34:53,141.8526
19-Jul-2017 20:39:41,141.5996
19-Jul-2017 21:54:44,143.137
19-Jul-2017 22:48:23,139.0957
19-Jul-2017 23:18:22,141.4699
20-Jul-2017 00:13:19,138.713
20-Jul-2017 03:17:07,136.9811
20-Jul-2017 05:07:01,136.4037
20-Jul-2017 06:09:55,134.6783
20-Jul-2017 06:57:15,130.7019
20-Jul-2017 07:27:17,134.7431
20-Jul-2017 08:47:19,133.1993
20-Jul-2017 09:09:57,133.9712
20-Jul-2017 11:35:54,135.2556
20-Jul-2017 13:06:12,138.5249
20-Jul-2017 13:06:13,138.5833
20-Jul-2017 13:06:14,138.5833
20-Jul-2017 13:06:15,138.5833
20-Jul-2017 13:06:16,138.5249
20-Jul-2017 13:06:17,138.5833
20-Jul-2017 13:06:18,138.5249
20-Jul-2017 13:06:19,138.5249
20-Jul-2017 13:06:20,138.5249
20-Jul-2017 13:06:21,138.5833
20-Jul-2017 13:06:22,138.5249
20-Jul-2017 13:06:23,138.5833
20-Jul-2017 13:06:24,138.5249
20-Jul-2017 13:06:25,138.5833
20-Jul-2017 13:06:26,138.5249
20-Jul-2017 13:06:27,138.5249
20-Jul-2017 19:21:50,134.2242
21-Jul-2017 01:27:34,132.4338
21-Jul-2017 03:56:42,134.289
21-Jul-2017 06:57:11,127.8801
21-Jul-2017 08:10:30,132.6868
21-Jul-2017 09:12:32,133.7117
21-Jul-2017 10:28:42,129.8067
21-Jul-2017 11:10:23,130.384
21-Jul-2017 12:41:06,136.3454
21-Jul-2017 12:56:14,135.4437
21-Jul-2017 12:56:15,135.4437
21-Jul-2017 12:56:16,135.4437
21-Jul-2017 12:56:17,135.3788
21-Jul-2017 12:56:18,135.3788
21-Jul-2017 12:56:19,135.4437
21-Jul-2017 12:56:20,135.3788
21-Jul-2017 12:56:21,135.4437
21-Jul-2017 12:56:22,135.4437
21-Jul-2017 12:56:23,135.4437
21-Jul-2017 12:56:24,135.4437
21-Jul-2017 12:56:25,135.4437
21-Jul-2017 12:56:26,135.4437
21-Jul-2017 13:06:14,134.9312
21-Jul-2017 13:06:15,134.9312
21-Jul-2017 13:06:16,134.9312
21-Jul-2017 13:06:17,134.9312
21-Jul-2017 13:06:18,134.9312
21-Jul-2017 14:30:23,135.1907
21-Jul-2017 16:08:27,137.2405
21-Jul-2017 18:10:43,140.0623
21-Jul-2017 18:41:05,140.0623
21-Jul-2017 19:58:09,140.6396
21-Jul-2017 21:01:58,136.0859
21-Jul-2017 21:46:12,136.6632
21-Jul-2017 23:25:56,133.9712
22-Jul-2017 04:22:53,131.2143
22-Jul-2017 07:05:38,132.3041
22-Jul-2017 08:49:13,127.8153
22-Jul-2017 09:10:42,126.985
22-Jul-2017 10:01:25,129.8067
22-Jul-2017 12:20:44,133.8415
22-Jul-2017 13:30:38,133.0112
22-Jul-2017 13:56:51,131.8565
22-Jul-2017 15:06:21,137.0459
22-Jul-2017 15:06:22,137.0459
22-Jul-2017 15:06:23,137.0459
22-Jul-2017 15:06:24,137.0459
22-Jul-2017 15:06:25,137.0459
22-Jul-2017 15:06:26,137.0459
22-Jul-2017 15:06:27,137.0459
22-Jul-2017 15:06:28,137.0459
22-Jul-2017 15:06:29,137.0459
22-Jul-2017 15:06:30,137.0459
22-Jul-2017 18:47:28,137.4351
22-Jul-2017 20:30:42,137.1108
22-Jul-2017 22:29:51,137.753
23-Jul-2017 00:19:30,135.1907
23-Jul-2017 01:01:40,134.8015
23-Jul-2017 03:21:02,132.0511
23-Jul-2017 04:20:30,132.8814
23-Jul-2017 09:32:48,130.5721
23-Jul-2017 11:44:37,131.1495
23-Jul-2017 12:58:38,134.1009
23-Jul-2017 14:55:52,137.1108
23-Jul-2017 14:55:53,137.1757
23-Jul-2017 14:55:54,137.1108
23-Jul-2017 14:55:55,137.1108
23-Jul-2017 17:23:13,138.006
23-Jul-2017 18:14:55,138.2654
23-Jul-2017 18:49:21,134.6783
23-Jul-2017 19:33:43,135.7032
23-Jul-2017 21:27:27,132.2392
24-Jul-2017 00:04:52,134.2242
24-Jul-2017 01:24:34,131.2792
24-Jul-2017 01:41:19,132.0511
24-Jul-2017 02:05:18,129.8716
24-Jul-2017 04:14:59,126.9201
24-Jul-2017 06:30:36,128.7169
24-Jul-2017 08:06:00,126.9201
24-Jul-2017 08:42:12,129.8716
24-Jul-2017 09:40:40,128.7818
24-Jul-2017 11:04:59,133.4587
24-Jul-2017 11:57:27,129.4175
24-Jul-2017 12:47:36,132.5636
24-Jul-2017 14:26:36,130.3192
24-Jul-2017 14:36:24,131.2143
24-Jul-2017 14:36:25,131.2143
24-Jul-2017 14:36:26,131.2143
24-Jul-2017 14:36:27,131.2143
24-Jul-2017 14:36:28,131.2143
24-Jul-2017 14:36:29,131.2143
24-Jul-2017 14:36:30,131.2143
24-Jul-2017 14:55:54,132.4338
24-Jul-2017 14:55:55,132.4338
24-Jul-2017 15:56:32,127.5623
24-Jul-2017 17:02:43,127.8801
24-Jul-2017 17:46:22,130.5721
24-Jul-2017 19:03:26,128.2693
24-Jul-2017 21:51:53,124.4876
24-Jul-2017 22:56:23,132.0511
25-Jul-2017 00:15:41,132.4338
25-Jul-2017 01:14:41,132.0511
25-Jul-2017 03:43:29,128.7169
25-Jul-2017 04:26:29,129.6121
25-Jul-2017 05:04:14,126.4076
25-Jul-2017 05:38:25,127.945
25-Jul-2017 07:06:00,125.253
25-Jul-2017 08:45:28,124.6757
25-Jul-2017 15:32:09,131.2792
25-Jul-2017 15:56:29,131.3441
25-Jul-2017 15:56:30,131.4089
25-Jul-2017 15:56:31,131.3441
25-Jul-2017 15:56:32,131.3441
25-Jul-2017 15:56:33,131.3441
25-Jul-2017 15:56:34,131.4089
25-Jul-2017 16:15:58,131.3441
25-Jul-2017 18:53:00,132.8814
25-Jul-2017 20:25:57,132.4987
25-Jul-2017 21:41:45,131.0197
25-Jul-2017 22:24:47,131.0197
26-Jul-2017 01:05:47,130.1894
26-Jul-2017 03:10:49,129.9299
26-Jul-2017 04:41:07,128.4575
26-Jul-2017 06:27:49,127.5623
26-Jul-2017 06:48:15,129.6121
26-Jul-2017 07:15:14,130.384
26-Jul-2017 08:38:29,131.4089
26-Jul-2017 12:15:43,133.329
26-Jul-2017 13:23:09,136.1508
26-Jul-2017 15:35:59,138.3952
26-Jul-2017 15:36:00,138.3952
26-Jul-2017 16:29:00,138.4601
26-Jul-2017 17:05:18,139.4201
26-Jul-2017 18:43:40,136.7929
26-Jul-2017 19:25:22,134.5485
27-Jul-2017 01:34:01,130.1894
27-Jul-2017 02:46:22,128.3277
27-Jul-2017 03:30:34,130.3192
27-Jul-2017 08:02:48,126.985
27-Jul-2017 09:21:13,132.6868
27-Jul-2017 09:57:30,129.1645
27-Jul-2017 11:01:23,130.4424
27-Jul-2017 11:31:06,133.1409
27-Jul-2017 12:12:40,134.5485
27-Jul-2017 13:31:21,129.9948
27-Jul-2017 14:06:10,134.8664
27-Jul-2017 14:37:16,137.2405
27-Jul-2017 15:26:02,133.9712
27-Jul-2017 15:26:03,133.9712
27-Jul-2017 15:26:04,133.9712
27-Jul-2017 15:26:05,133.9712
27-Jul-2017 15:26:06,133.9712
27-Jul-2017 15:52:39,130.9613
27-Jul-2017 16:29:23,130.1245
27-Jul-2017 16:48:36,128.5872
27-Jul-2017 18:02:43,130.0597
27-Jul-2017 19:10:27,128.0747
27-Jul-2017 19:47:50,131.597
27-Jul-2017 20:42:35,129.0348
27-Jul-2017 22:36:17,129.8716
27-Jul-2017 23:08:06,130.5721
28-Jul-2017 00:11:29,129.677
28-Jul-2017 01:13:43,129.5472
28-Jul-2017 02:53:09,129.6121
28-Jul-2017 04:43:37,135.7681
28-Jul-2017 05:55:42,130.8316
28-Jul-2017 07:39:01,136.1508
28-Jul-2017 08:34:51,134.6134
28-Jul-2017 08:46:18,132.2392
28-Jul-2017 10:27:42,128.1396
28-Jul-2017 11:13:59,127.1147
28-Jul-2017 12:59:48,127.5623
28-Jul-2017 15:12:14,125.1233
28-Jul-2017 17:17:18,123.1383
01-Aug-2017 01:12:18,128.7818
01-Aug-2017 05:28:31,127.1147
01-Aug-2017 07:19:05,127.5623
01-Aug-2017 08:44:26,123.1383
01-Aug-2017 15:56:08,126.985
01-Aug-2017 17:06:15,128.3926
01-Aug-2017 20:03:51,126.4076
01-Aug-2017 20:03:52,126.4076
01-Aug-2017 20:03:53,126.4076
01-Aug-2017 20:03:54,126.4076
02-Aug-2017 04:03:53,122.9437
02-Aug-2017 08:22:01,127.2379
02-Aug-2017 11:21:56,131.2792
02-Aug-2017 13:50:32,134.6134
02-Aug-2017 17:09:53,138.3303
02-Aug-2017 19:09:05,140.6396
02-Aug-2017 19:23:52,141.0872
02-Aug-2017 19:23:53,141.0223
02-Aug-2017 19:23:54,141.0223
02-Aug-2017 19:23:55,141.0223
02-Aug-2017 19:23:56,141.0223
02-Aug-2017 21:15:20,138.006
02-Aug-2017 21:55:50,139.8028
02-Aug-2017 23:52:23,140.0623
03-Aug-2017 00:40:57,138.3952
03-Aug-2017 01:15:56,139.5498
03-Aug-2017 02:05:12,138.5249
03-Aug-2017 02:55:25,140.1855
03-Aug-2017 05:31:43,139.7379
03-Aug-2017 06:03:37,138.3952
03-Aug-2017 07:08:12,134.8015
03-Aug-2017 07:43:58,134.9312
03-Aug-2017 08:27:51,136.8578
03-Aug-2017 09:36:55,136.6632
03-Aug-2017 11:38:30,139.2255
03-Aug-2017 13:29:51,138.6482
03-Aug-2017 17:24:16,140.9575
03-Aug-2017 18:49:30,138.6482
03-Aug-2017 19:49:08,137.6232
03-Aug-2017 20:38:30,135.9562
03-Aug-2017 21:23:59,132.0511
03-Aug-2017 21:24:00,132.0511
03-Aug-2017 21:24:01,132.0511
03-Aug-2017 21:24:02,132.1095
03-Aug-2017 21:24:03,132.0511
03-Aug-2017 21:24:04,132.0511
03-Aug-2017 21:24:05,132.0511
03-Aug-2017 21:24:06,132.0511
03-Aug-2017 21:24:07,132.0511
03-Aug-2017 21:24:08,132.0511
03-Aug-2017 21:24:09,132.0511
03-Aug-2017 21:24:10,132.0511
03-Aug-2017 21:24:11,132.0511
03-Aug-2017 21:24:12,132.0511
03-Aug-2017 21:24:13,132.0511
03-Aug-2017 21:24:14,132.0511
03-Aug-2017 21:24:15,132.0511
03-Aug-2017 21:33:59,131.6619
03-Aug-2017 21:34:00,131.6619
03-Aug-2017 21:34:01,131.6619
03-Aug-2017 21:34:02,131.7268
03-Aug-2017 21:34:03,131.6619
03-Aug-2017 22:22:44,132.8814
03-Aug-2017 22:56:33,132.8814
04-Aug-2017 00:18:35,134.0361
04-Aug-2017 01:16:25,133.7766
04-Aug-2017 02:05:53,133.7766
04-Aug-2017 02:56:50,130.384
04-Aug-2017 04:06:41,132.8814
04-Aug-2017 04:46:19,130.7019
04-Aug-2017 05:39:28,129.677
04-Aug-2017 06:41:32,129.4824
04-Aug-2017 08:16:57,131.9214
04-Aug-2017 09:04:56,131.2792
04-Aug-2017 10:27:34,129.1645
04-Aug-2017 11:23:06,131.1495
04-Aug-2017 12:07:10,132.1095
04-Aug-2017 13:15:06,132.1095
04-Aug-2017 13:51:35,130.3192
04-Aug-2017 14:28:17,130.384
04-Aug-2017 15:01:47,129.4824
04-Aug-2017 16:21:20,127.8801
04-Aug-2017 18:21:49,128.0747
04-Aug-2017 19:37:44,130.3192
04-Aug-2017 20:54:01,125.9601
04-Aug-2017 20:54:02,125.9601
04-Aug-2017 20:54:03,125.9601
04-Aug-2017 20:54:04,125.9601
04-Aug-2017 20:54:05,125.9601
04-Aug-2017 20:54:06,125.9601
04-Aug-2017 20:54:07,125.9601
04-Aug-2017 20:54:08,125.9601
04-Aug-2017 20:54:09,125.9601
04-Aug-2017 21:04:00,126.0249
04-Aug-2017 21:04:01,126.0898
04-Aug-2017 21:04:02,126.0249
04-Aug-2017 21:04:03,126.0249
04-Aug-2017 21:04:04,126.0898
04-Aug-2017 21:04:05,126.0249
04-Aug-2017 21:04:06,126.0249
04-Aug-2017 21:04:07,126.0249
04-Aug-2017 22:27:05,128.7169
05-Aug-2017 01:23:35,130.384
05-Aug-2017 04:30:29,131.8565
05-Aug-2017 06:52:23,132.3041
05-Aug-2017 07:31:33,130.7667
05-Aug-2017 08:53:38,130.1894
05-Aug-2017 10:10:01,129.9948
05-Aug-2017 12:01:45,132.8166
05-Aug-2017 13:58:04,134.1009
05-Aug-2017 18:37:54,137.1757
05-Aug-2017 20:34:02,133.9712
05-Aug-2017 20:34:03,133.9712
05-Aug-2017 20:34:04,133.9712
05-Aug-2017 20:34:05,133.9712
05-Aug-2017 20:34:06,133.9712
05-Aug-2017 20:34:07,133.9712
05-Aug-2017 20:34:08,133.9712
05-Aug-2017 20:34:09,133.9712
05-Aug-2017 20:34:10,133.9712
05-Aug-2017 20:34:11,133.9712
05-Aug-2017 20:34:12,133.9712
05-Aug-2017 20:34:13,133.9712
05-Aug-2017 20:34:14,133.9712
05-Aug-2017 20:34:15,133.9712
05-Aug-2017 20:34:16,133.9712
05-Aug-2017 20:44:02,132.8166
05-Aug-2017 20:44:03,132.8166
05-Aug-2017 20:44:04,132.8166
05-Aug-2017 20:44:05,132.8166
05-Aug-2017 22:44:41,131.2792
06-Aug-2017 00:31:32,130.3192
06-Aug-2017 03:07:11,129.9299
06-Aug-2017 04:21:14,130.5721
06-Aug-2017 05:26:30,129.3591
06-Aug-2017 06:52:13,129.9948
06-Aug-2017 09:25:02,131.4738
06-Aug-2017 11:17:41,131.0197
06-Aug-2017 15:23:10,133.5236
06-Aug-2017 18:42:49,135.6383
06-Aug-2017 20:26:39,134.7431
06-Aug-2017 20:44:05,132.8814
06-Aug-2017 20:44:06,132.8814
06-Aug-2017 20:44:07,132.8814
06-Aug-2017 20:44:08,132.8814
06-Aug-2017 20:44:09,132.9463
06-Aug-2017 20:44:10,132.8814
06-Aug-2017 20:44:11,132.8814
06-Aug-2017 20:44:12,132.8814
06-Aug-2017 20:44:13,132.9463
06-Aug-2017 20:44:14,132.8166
06-Aug-2017 20:44:15,132.8166
06-Aug-2017 20:44:16,132.8166
06-Aug-2017 20:44:17,132.8166
06-Aug-2017 20:44:18,132.8166
06-Aug-2017 20:44:19,132.8166
06-Aug-2017 20:44:20,132.8166
06-Aug-2017 20:54:05,132.1744
06-Aug-2017 20:54:06,132.2392
06-Aug-2017 22:01:29,129.1645
07-Aug-2017 00:17:16,128.4575
07-Aug-2017 00:57:53,128.5223
07-Aug-2017 03:06:47,127.4325
07-Aug-2017 05:35:28,133.4587
07-Aug-2017 07:15:19,133.5236
07-Aug-2017 07:51:07,136.6632
07-Aug-2017 09:29:37,137.3703
07-Aug-2017 10:51:05,135.4437
07-Aug-2017 11:27:33,133.1993
07-Aug-2017 12:16:18,133.8415
07-Aug-2017 12:54:49,131.9214
07-Aug-2017 13:45:59,132.0511
07-Aug-2017 14:19:23,134.4837
07-Aug-2017 15:07:15,130.5073
07-Aug-2017 15:46:00,129.4175
07-Aug-2017 16:15:47,135.061
07-Aug-2017 18:14:45,130.8316
07-Aug-2017 18:44:55,130.5721
07-Aug-2017 20:06:04,132.4338
07-Aug-2017 22:34:12,129.4175
07-Aug-2017 22:34:13,129.4175
07-Aug-2017 22:34:14,129.4175
07-Aug-2017 22:34:15,129.4175
07-Aug-2017 22:34:16,129.4175
07-Aug-2017 22:34:17,129.4175
07-Aug-2017 22:34:18,129.4175
07-Aug-2017 22:34:19,129.4175
07-Aug-2017 22:34:20,129.4175
07-Aug-2017 22:34:21,129.4175
07-Aug-2017 22:34:22,129.4175
07-Aug-2017 22:44:11,129.4175
07-Aug-2017 22:44:12,129.4175
07-Aug-2017 22:44:13,129.2942
07-Aug-2017 22:44:14,129.3591
07-Aug-2017 22:44:15,129.2942
07-Aug-2017 22:44:16,129.2942
07-Aug-2017 22:44:17,129.3591
08-Aug-2017 00:07:05,131.0846
08-Aug-2017 00:36:12,129.677
08-Aug-2017 02:04:29,134.1658
08-Aug-2017 02:45:41,135.4437
08-Aug-2017 03:47:14,135.1259
08-Aug-2017 04:56:29,132.0511
08-Aug-2017 05:54:16,131.3441
08-Aug-2017 06:32:00,130.3192
08-Aug-2017 08:35:03,125.9601
08-Aug-2017 10:55:01,121.7307
08-Aug-2017 18:55:01,120.4463
08-Aug-2017 22:11:14,122.8788
08-Aug-2017 22:11:15,122.8788
08-Aug-2017 22:11:16,122.8788
08-Aug-2017 22:11:17,122.8788
08-Aug-2017 22:11:18,122.8788
08-Aug-2017 22:11:19,122.8788
08-Aug-2017 22:11:20,122.8788
08-Aug-2017 22:11:21,122.8788
08-Aug-2017 22:11:22,122.8788
08-Aug-2017 22:11:23,122.8788
08-Aug-2017 22:11:24,122.8788
09-Aug-2017 01:45:41,120.1284
09-Aug-2017 05:10:00,122.1783
09-Aug-2017 07:33:05,123.8454
09-Aug-2017 08:27:23,124.1632
09-Aug-2017 09:30:05,125.1233
09-Aug-2017 11:43:09,130.9613
09-Aug-2017 13:09:29,132.8166
09-Aug-2017 13:47:02,131.0197
09-Aug-2017 14:05:03,131.7917
09-Aug-2017 15:06:57,133.9063
09-Aug-2017 17:04:34,134.289
09-Aug-2017 17:49:44,133.6534
09-Aug-2017 18:28:49,132.7517
09-Aug-2017 20:41:28,133.7766
09-Aug-2017 23:31:18,131.4089
09-Aug-2017 23:31:19,131.4089
09-Aug-2017 23:31:20,131.4089
09-Aug-2017 23:31:21,131.4089
09-Aug-2017 23:31:22,131.4089
09-Aug-2017 23:31:23,131.3441
09-Aug-2017 23:50:48,131.2792
10-Aug-2017 03:42:52,127.8153
10-Aug-2017 05:44:13,127.6271
10-Aug-2017 08:50:31,128.2045
10-Aug-2017 11:54:02,135.7681
10-Aug-2017 14:07:30,133.0112
10-Aug-2017 16:44:08,137.9476
10-Aug-2017 18:02:21,137.1757
10-Aug-2017 20:09:08,134.4188
10-Aug-2017 20:53:35,131.9214
10-Aug-2017 22:21:35,129.2294
10-Aug-2017 23:40:50,133.0112
10-Aug-2017 23:40:51,133.0112
10-Aug-2017 23:40:52,133.0112
10-Aug-2017 23:40:53,133.0112
10-Aug-2017 23:40:54,133.0112
11-Aug-2017 01:19:24,129.9948
11-Aug-2017 03:11:58,128.3926
11-Aug-2017 04:02:31,128.4575
11-Aug-2017 06:18:43,128.5872
11-Aug-2017 07:40:18,126.2779
11-Aug-2017 11:43:06,134.5485
11-Aug-2017 12:20:25,132.4987
11-Aug-2017 13:22:16,131.4738
11-Aug-2017 13:43:33,132.9463
11-Aug-2017 14:09:50,133.7117
11-Aug-2017 15:16:09,131.1495
11-Aug-2017 16:21:33,130.8965
11-Aug-2017 16:40:26,129.9948
11-Aug-2017 17:55:46,127.3028
11-Aug-2017 19:02:23,129.7418
11-Aug-2017 19:21:03,128.9699
11-Aug-2017 21:37:40,126.1482
11-Aug-2017 23:19:54,126.8552
11-Aug-2017 23:20:51,126.6606
11-Aug-2017 23:20:52,126.6022
11-Aug-2017 23:20:53,126.6606
11-Aug-2017 23:20:54,126.6606
12-Aug-2017 00:06:09,125.6357
12-Aug-2017 00:58:33,125.9601
12-Aug-2017 01:53:22,127.6271
12-Aug-2017 02:19:52,126.7255
12-Aug-2017 03:56:16,125.1881
12-Aug-2017 06:35:24,125
12-Aug-2017 08:00:00,121.9188
12-Aug-2017 10:38:50,119.616
12-Aug-2017 11:23:02,121.7307
12-Aug-2017 13:31:34,120.8939
12-Aug-2017 13:54:55,122.4961
12-Aug-2017 15:50:11,123.268
12-Aug-2017 16:40:17,122.561
12-Aug-2017 17:49:09,129.0996
12-Aug-2017 18:27:56,125.8303
12-Aug-2017 19:22:18,124.6757
12-Aug-2017 20:37:54,124.8054
12-Aug-2017 21:44:53,127.8153
12-Aug-2017 22:38:48,128.5872
12-Aug-2017 22:58:55,128.7818
12-Aug-2017 23:00:53,129.1645
12-Aug-2017 23:00:54,129.1645
13-Aug-2017 00:21:50,127.4974
13-Aug-2017 01:34:37,128.2693
13-Aug-2017 02:40:18,128.6521
13-Aug-2017 03:32:19,124.6757
13-Aug-2017 04:07:02,123.5859
14-Aug-2017 13:52:45,127.1147
14-Aug-2017 14:27:53,127.4974
14-Aug-2017 14:27:54,127.4974
14-Aug-2017 14:27:55,127.4974
14-Aug-2017 14:27:56,127.4974
14-Aug-2017 14:47:23,128.0099
14-Aug-2017 20:39:06,127.4325
15-Aug-2017 00:08:01,124.4227
15-Aug-2017 00:08:02,124.4876
15-Aug-2017 00:08:03,124.4227
15-Aug-2017 00:08:04,124.4227
15-Aug-2017 00:08:05,124.4876
15-Aug-2017 00:08:06,124.4876
15-Aug-2017 00:27:30,124.5459
15-Aug-2017 05:09:59,127.692
15-Aug-2017 06:25:22,128.3926
15-Aug-2017 08:11:37,129.6121
15-Aug-2017 09:02:53,126.3428
15-Aug-2017 10:32:49,129.2294
15-Aug-2017 11:22:28,132.3041
15-Aug-2017 13:33:43,124.8054
15-Aug-2017 14:40:18,126.4076
15-Aug-2017 15:20:59,124.6108
15-Aug-2017 18:16:52,120.576
15-Aug-2017 18:51:19,125.7654
15-Aug-2017 19:50:29,128.8402
15-Aug-2017 20:33:53,123.9686
15-Aug-2017 21:05:28,128.7818
15-Aug-2017 22:14:56,129.9948
15-Aug-2017 22:43:11,128.5872
15-Aug-2017 23:11:52,130.4424
15-Aug-2017 23:32:09,129.0996
15-Aug-2017 23:46:11,130.5721
16-Aug-2017 01:08:05,134.1658
16-Aug-2017 01:08:06,134.1658
16-Aug-2017 01:27:34,133.9063
16-Aug-2017 03:13:41,131.7268
16-Aug-2017 03:38:40,130.0597
16-Aug-2017 05:00:27,129.5472
16-Aug-2017 07:11:51,131.4738
16-Aug-2017 08:58:30,126.6606
16-Aug-2017 10:56:23,129.6121
16-Aug-2017 11:48:28,126.7255
16-Aug-2017 12:58:08,133.9063
16-Aug-2017 14:21:10,132.2392
16-Aug-2017 17:22:18,136.4686
16-Aug-2017 21:40:00,135.5734
17-Aug-2017 02:27:38,137.2405
17-Aug-2017 02:27:39,137.3054
17-Aug-2017 02:27:40,137.2405
17-Aug-2017 02:27:41,137.2405
17-Aug-2017 05:54:31,135.314
17-Aug-2017 07:19:07,134.9312
17-Aug-2017 09:37:50,132.1095
17-Aug-2017 13:00:45,132.7517
17-Aug-2017 16:47:53,137.5584
17-Aug-2017 18:15:56,136.4686
17-Aug-2017 22:00:35,135.4437
17-Aug-2017 22:51:24,134.8015
18-Aug-2017 01:49:12,135.4437
18-Aug-2017 01:57:40,135.4437
18-Aug-2017 01:57:41,135.5086
18-Aug-2017 01:57:42,135.4437
18-Aug-2017 01:57:43,135.5086
18-Aug-2017 01:57:44,135.5086
18-Aug-2017 01:57:45,135.5086
18-Aug-2017 01:57:46,135.4437
18-Aug-2017 01:57:47,135.5086
18-Aug-2017 01:57:48,135.5086
18-Aug-2017 01:57:49,135.5086
18-Aug-2017 01:57:50,135.4437
18-Aug-2017 01:57:51,135.4437
18-Aug-2017 01:57:52,135.5086
18-Aug-2017 01:57:53,135.5086
18-Aug-2017 01:57:54,135.5086
18-Aug-2017 02:07:40,135.3788
18-Aug-2017 02:07:41,135.3788
18-Aug-2017 02:07:42,135.3788
18-Aug-2017 06:07:16,129.6121
18-Aug-2017 06:58:21,129.9948
18-Aug-2017 07:23:02,129.9948
18-Aug-2017 09:31:17,129.7418
18-Aug-2017 09:57:54,128.7818
18-Aug-2017 10:54:37,129.4824
18-Aug-2017 11:35:15,131.597
18-Aug-2017 13:21:17,126.2779
18-Aug-2017 14:28:37,130.384
18-Aug-2017 15:44:41,132.6868
18-Aug-2017 16:52:56,132.9463
18-Aug-2017 19:31:11,133.076
18-Aug-2017 20:52:04,131.9214
18-Aug-2017 23:33:15,127.4325
19-Aug-2017 01:14:18,124.8703
19-Aug-2017 02:28:44,123.4562
19-Aug-2017 03:47:46,120.9587
19-Aug-2017 03:47:47,120.8939
19-Aug-2017 03:47:48,120.8939
19-Aug-2017 03:47:49,120.8939
19-Aug-2017 03:47:50,120.8939
19-Aug-2017 03:47:51,120.8939
19-Aug-2017 03:47:52,120.8939
19-Aug-2017 03:57:45,120.5112
19-Aug-2017 03:57:46,120.5112
19-Aug-2017 03:57:47,120.576
19-Aug-2017 03:57:48,120.576
19-Aug-2017 03:57:49,120.576
19-Aug-2017 03:57:50,120.576
19-Aug-2017 03:57:51,120.576
19-Aug-2017 03:57:52,120.576
19-Aug-2017 03:57:53,120.576
19-Aug-2017 03:57:54,120.576
19-Aug-2017 04:07:46,120.7641
19-Aug-2017 05:22:30,122.7556
19-Aug-2017 06:03:30,123.0086
19-Aug-2017 07:12:24,123.9102
19-Aug-2017 07:28:40,124.6757
19-Aug-2017 07:47:36,124.8054
19-Aug-2017 09:05:55,124.8054
19-Aug-2017 09:54:26,126.5374
19-Aug-2017 11:22:23,129.2294
19-Aug-2017 12:09:26,127.1147
19-Aug-2017 13:32:55,132.2392
19-Aug-2017 15:02:56,134.3539
19-Aug-2017 15:53:10,134.3539
19-Aug-2017 17:45:49,135.061
19-Aug-2017 18:40:44,133.3939
19-Aug-2017 19:09:04,133.9063
19-Aug-2017 20:39:01,127.4325
20-Aug-2017 00:36:16,122.4961
20-Aug-2017 01:08:51,124.8054
20-Aug-2017 03:07:47,121.1534
20-Aug-2017 03:07:48,121.1534
20-Aug-2017 03:07:49,121.1534
20-Aug-2017 03:07:50,121.0236
20-Aug-2017 03:07:51,121.0236
20-Aug-2017 03:07:52,121.0236
20-Aug-2017 03:17:47,120.576
20-Aug-2017 03:17:48,120.576
20-Aug-2017 03:17:49,120.6409
20-Aug-2017 03:17:50,120.6409
20-Aug-2017 03:17:51,120.6409
20-Aug-2017 03:17:52,120.6409
20-Aug-2017 03:17:53,120.6409
20-Aug-2017 03:17:54,120.6409
20-Aug-2017 03:17:55,120.6409
20-Aug-2017 03:17:56,120.6409
20-Aug-2017 03:17:57,120.6409
20-Aug-2017 03:27:47,120.7058
20-Aug-2017 05:04:00,122.561
20-Aug-2017 06:01:03,124.6757
20-Aug-2017 07:35:05,125.3179
20-Aug-2017 11:23:35,134.5485
20-Aug-2017 13:47:07,134.8664
20-Aug-2017 15:21:30,138.3952
20-Aug-2017 16:22:49,139.2255
20-Aug-2017 18:59:40,134.3539
20-Aug-2017 22:04:22,134.4837
20-Aug-2017 22:56:34,131.4738
21-Aug-2017 00:35:19,131.9863
21-Aug-2017 02:12:59,132.369
21-Aug-2017 03:07:49,128.9699
21-Aug-2017 03:07:50,128.9699
21-Aug-2017 03:07:51,128.905
21-Aug-2017 03:07:52,128.9699
21-Aug-2017 03:07:53,128.8402
21-Aug-2017 03:07:54,128.8402
21-Aug-2017 03:07:55,128.8402
21-Aug-2017 03:07:56,128.8402
21-Aug-2017 03:07:57,128.8402
21-Aug-2017 03:07:58,128.8402
21-Aug-2017 03:07:59,128.8402
21-Aug-2017 03:08:00,128.8402
21-Aug-2017 03:08:01,128.8402
21-Aug-2017 03:08:02,128.8402
21-Aug-2017 03:08:03,128.8402
21-Aug-2017 03:17:49,129.4175
21-Aug-2017 03:17:50,129.4175
21-Aug-2017 03:17:51,129.4824
21-Aug-2017 03:17:52,129.4824
21-Aug-2017 03:57:32,127.4974
21-Aug-2017 06:49:42,127.8153
21-Aug-2017 07:47:57,127.1147
21-Aug-2017 09:28:47,133.0112
21-Aug-2017 11:51:14,134.4837
21-Aug-2017 12:38:32,135.9562
21-Aug-2017 14:31:49,134.5485
21-Aug-2017 15:31:33,135.6383
21-Aug-2017 16:47:05,135.5086
21-Aug-2017 20:00:32,136.0859
21-Aug-2017 20:44:20,132.8166
22-Aug-2017 00:04:37,133.6534
22-Aug-2017 00:44:44,132.0511
22-Aug-2017 02:14:51,131.7268
22-Aug-2017 03:08:21,130.5073
22-Aug-2017 04:23:07,131.4089
22-Aug-2017 05:17:55,131.2143
22-Aug-2017 05:17:56,131.2143
22-Aug-2017 05:17:57,131.2143
22-Aug-2017 05:17:58,131.2792
22-Aug-2017 05:17:59,131.2143
22-Aug-2017 05:18:00,131.2143
22-Aug-2017 05:18:01,131.2792
22-Aug-2017 05:18:02,131.2792
22-Aug-2017 05:18:03,131.2143
22-Aug-2017 05:18:04,131.2143
22-Aug-2017 05:18:05,131.2792
22-Aug-2017 05:18:06,131.2143
22-Aug-2017 05:18:07,131.2143
22-Aug-2017 05:18:08,131.2143
22-Aug-2017 05:18:09,131.2792
22-Aug-2017 05:18:10,131.2143
22-Aug-2017 07:11:16,128.7169
22-Aug-2017 11:45:52,122.1783
22-Aug-2017 16:36:39,119.6744
22-Aug-2017 20:01:32,120.3814
23-Aug-2017 00:20:42,122.9437
23-Aug-2017 03:42:13,121.2766
23-Aug-2017 04:47:57,122.8788
23-Aug-2017 04:47:58,122.8788
23-Aug-2017 04:47:59,122.8788
23-Aug-2017 04:48:00,122.8788
23-Aug-2017 04:48:01,122.8788
23-Aug-2017 04:48:02,122.8788
23-Aug-2017 04:48:03,122.8788
23-Aug-2017 05:07:27,123.3329
23-Aug-2017 07:26:49,121.1534
23-Aug-2017 09:46:48,121.4063
23-Aug-2017 11:01:28,123.521
23-Aug-2017 12:10:47,125.3179
23-Aug-2017 12:42:33,126.4076
23-Aug-2017 14:38:02,124.4227
23-Aug-2017 16:10:12,125.6357
23-Aug-2017 19:23:43,128.0099
23-Aug-2017 22:02:41,127.2379
23-Aug-2017 23:05:46,124.4227
24-Aug-2017 02:08:31,123.8454
24-Aug-2017 04:03:17,120.9587
24-Aug-2017 05:04:23,119.9987
24-Aug-2017 06:11:50,122.8204
24-Aug-2017 06:57:32,121.7955
24-Aug-2017 06:57:33,121.8539
24-Aug-2017 06:57:34,121.7955
24-Aug-2017 06:57:35,121.7955
24-Aug-2017 07:31:12,120.8939
24-Aug-2017 08:52:31,125.3179
24-Aug-2017 09:42:52,125.7654
24-Aug-2017 10:49:11,128.3926
24-Aug-2017 11:25:11,128.0099
24-Aug-2017 11:54:57,126.213
24-Aug-2017 12:28:43,124.0335
24-Aug-2017 12:55:05,124.4227
24-Aug-2017 14:11:19,127.8153
24-Aug-2017 15:34:27,128.7169
24-Aug-2017 17:54:58,126.0898
24-Aug-2017 21:42:15,125.7654
24-Aug-2017 23:17:59,124.4876
25-Aug-2017 00:42:32,127.3028
25-Aug-2017 02:12:59,127.2379
25-Aug-2017 03:08:12,122.6259
25-Aug-2017 04:19:31,123.1383
25-Aug-2017 04:45:44,121.7307
25-Aug-2017 05:16:36,121.0236
25-Aug-2017 05:59:30,119.2916
25-Aug-2017 06:07:29,119.6744
25-Aug-2017 06:07:30,119.6744
25-Aug-2017 06:07:31,119.7392
25-Aug-2017 06:07:32,119.6744
25-Aug-2017 06:07:33,119.7392
25-Aug-2017 06:07:34,119.6744
25-Aug-2017 06:07:35,119.6744
25-Aug-2017 06:07:36,119.6744
25-Aug-2017 06:07:37,119.6744
25-Aug-2017 06:07:38,119.7392
25-Aug-2017 06:07:39,119.7392
25-Aug-2017 06:07:40,119.6744
25-Aug-2017 06:07:41,119.7392
25-Aug-2017 06:17:29,119.8041
25-Aug-2017 06:17:30,119.8041
25-Aug-2017 06:17:31,119.7392
25-Aug-2017 06:17:32,119.7392
25-Aug-2017 06:17:33,119.8041
25-Aug-2017 08:11:47,119.7392
25-Aug-2017 08:50:07,122.6259
25-Aug-2017 09:09:46,121.9188
25-Aug-2017 09:36:11,123.6508
25-Aug-2017 11:17:04,123.7805
25-Aug-2017 12:14:22,123.7805
25-Aug-2017 13:10:13,125.7654
25-Aug-2017 14:04:49,127.4325
25-Aug-2017 19:39:31,128.4575
26-Aug-2017 01:46:13,126.4076
26-Aug-2017 08:11:30,124.6757
26-Aug-2017 08:17:35,124.8703
26-Aug-2017 08:17:36,124.8703
26-Aug-2017 08:17:37,124.8703
26-Aug-2017 08:17:38,124.8703
26-Aug-2017 08:17:39,124.8703
26-Aug-2017 08:17:40,124.8703
26-Aug-2017 08:17:41,124.8703
26-Aug-2017 08:17:42,124.8703
26-Aug-2017 08:17:43,124.8703
26-Aug-2017 08:17:44,124.8703
26-Aug-2017 08:17:45,124.8703
26-Aug-2017 08:17:46,124.8703
26-Aug-2017 08:17:47,124.8703
26-Aug-2017 08:17:48,124.8703
26-Aug-2017 08:17:49,124.8703
26-Aug-2017 08:17:50,124.8703
26-Aug-2017 08:17:51,124.8703
26-Aug-2017 10:20:39,126.8552
26-Aug-2017 12:19:55,127.4325
26-Aug-2017 14:02:04,130.2543
26-Aug-2017 15:16:33,130.5073
26-Aug-2017 17:44:59,130.3192
26-Aug-2017 20:39:51,129.6121
26-Aug-2017 21:45:51,127.5623
26-Aug-2017 23:57:53,125.1233
27-Aug-2017 00:33:55,123.0734
27-Aug-2017 01:01:33,125.1233
27-Aug-2017 03:12:55,124.5459
27-Aug-2017 05:46:44,125.3179
27-Aug-2017 07:21:15,124.1632
27-Aug-2017 07:47:37,125.4476
27-Aug-2017 07:47:38,125.4476
27-Aug-2017 07:47:39,125.4476
27-Aug-2017 07:47:40,125.4476
27-Aug-2017 07:47:41,125.3827
27-Aug-2017 07:47:42,125.4476
27-Aug-2017 07:47:43,125.4476
27-Aug-2017 07:47:44,125.4476
27-Aug-2017 07:47:45,125.4476
27-Aug-2017 07:57:36,125.3179
27-Aug-2017 07:57:37,125.3179
27-Aug-2017 07:57:38,125.3179
27-Aug-2017 07:57:39,125.3179
27-Aug-2017 07:57:40,125.3179
27-Aug-2017 07:57:41,125.3179
27-Aug-2017 07:57:42,125.3179
27-Aug-2017 07:57:43,125.3179
27-Aug-2017 08:29:11,125.0584
27-Aug-2017 09:51:54,124.6757
27-Aug-2017 10:52:39,124.3578
27-Aug-2017 12:51:52,127.4325
27-Aug-2017 13:31:51,127.945
27-Aug-2017 15:25:05,129.2942
27-Aug-2017 16:03:09,129.6121
27-Aug-2017 17:53:25,130.637
27-Aug-2017 18:41:06,131.0846
27-Aug-2017 19:20:01,130.7019
27-Aug-2017 22:18:51,128.0747
27-Aug-2017 23:29:09,126.9201
27-Aug-2017 23:58:07,125.253
28-Aug-2017 00:45:36,123.4562
28-Aug-2017 02:00:28,126.6022
28-Aug-2017 04:03:01,126.2779
28-Aug-2017 04:18:41,126.4076
28-Aug-2017 05:25:47,125.1881
28-Aug-2017 06:35:38,122.1783
28-Aug-2017 07:55:37,124.1632
28-Aug-2017 08:29:18,122.4312
28-Aug-2017 08:29:19,122.3664
28-Aug-2017 08:29:20,122.4312
28-Aug-2017 08:29:21,122.3664
28-Aug-2017 08:29:22,122.4312
28-Aug-2017 08:29:23,122.3664
28-Aug-2017 08:29:24,122.3664
28-Aug-2017 08:29:25,122.4312
28-Aug-2017 08:29:26,122.4312
28-Aug-2017 08:29:27,122.3664
28-Aug-2017 08:29:28,122.3664
28-Aug-2017 08:29:29,122.3664
28-Aug-2017 08:29:30,122.3664
28-Aug-2017 09:40:30,122.1783
28-Aug-2017 09:59:32,122.6259
28-Aug-2017 10:48:39,123.9686
28-Aug-2017 12:17:47,128.3277
28-Aug-2017 14:10:44,129.4175
28-Aug-2017 16:10:50,128.2693
28-Aug-2017 17:02:16,129.9948
28-Aug-2017 17:37:05,126.5374
28-Aug-2017 17:59:43,124.9351
28-Aug-2017 18:18:43,127.5623
28-Aug-2017 18:52:32,127.4325
28-Aug-2017 21:08:13,129.2294
28-Aug-2017 22:13:51,127.7504
29-Aug-2017 00:35:54,128.5223
29-Aug-2017 01:48:35,124.6757
29-Aug-2017 02:22:30,126.4076
29-Aug-2017 03:27:06,127.7504
29-Aug-2017 04:02:23,126.0898
29-Aug-2017 05:22:34,125.3827
29-Aug-2017 06:21:12,126.4076
29-Aug-2017 07:01:09,124.8054
29-Aug-2017 08:19:20,119.2916
29-Aug-2017 08:19:21,119.2916
29-Aug-2017 08:19:22,119.2916
29-Aug-2017 08:19:23,119.3565
29-Aug-2017 08:38:50,118.7143
29-Aug-2017 11:55:14,119.616
29-Aug-2017 18:07:54,120.6409
29-Aug-2017 18:42:32,121.6009
29-Aug-2017 19:14:37,122.8788
29-Aug-2017 19:51:45,123.268
29-Aug-2017 20:41:50,125
29-Aug-2017 21:40:37,122.9437
29-Aug-2017 23:42:48,123.268
30-Aug-2017 00:20:28,122.1134
30-Aug-2017 02:47:12,123.1383
30-Aug-2017 03:07:34,123.4562
30-Aug-2017 03:33:00,124.8703
30-Aug-2017 04:07:28,121.2182
30-Aug-2017 05:23:00,123.268
30-Aug-2017 05:57:02,124.2929
30-Aug-2017 07:03:09,124.1632
30-Aug-2017 08:08:51,119.2268
30-Aug-2017 08:08:52,119.2268
30-Aug-2017 08:08:53,119.2268
30-Aug-2017 08:08:54,119.1619
30-Aug-2017 10:00:56,123.1383
30-Aug-2017 10:15:43,123.6508
30-Aug-2017 12:47:15,125.5773
30-Aug-2017 14:48:20,128.7169
30-Aug-2017 18:04:46,128.2693
30-Aug-2017 19:54:51,126.0898
30-Aug-2017 22:38:56,127.8153
31-Aug-2017 00:04:37,124.5459
31-Aug-2017 00:29:58,123.6508
31-Aug-2017 01:11:44,122.6907
31-Aug-2017 02:59:41,120.0636
31-Aug-2017 03:33:49,124.2281
31-Aug-2017 03:51:07,124.2281
31-Aug-2017 04:18:04,119.9987
31-Aug-2017 05:10:21,123.3978
31-Aug-2017 05:43:57,121.9837
31-Aug-2017 07:12:12,120.8939
31-Aug-2017 08:22:24,121.6009
31-Aug-2017 09:33:30,123.7805
31-Aug-2017 09:49:28,124.4227
31-Aug-2017 09:49:29,124.4227
31-Aug-2017 09:49:30,124.4227
31-Aug-2017 09:49:31,124.3578
31-Aug-2017 09:49:32,124.4227
31-Aug-2017 09:49:33,124.4227
31-Aug-2017 09:49:34,124.4227
31-Aug-2017 10:08:57,124.4876
31-Aug-2017 11:51:15,122.8204
31-Aug-2017 13:05:40,123.268
31-Aug-2017 14:42:14,124.6108
31-Aug-2017 15:21:32,126.8552
31-Aug-2017 16:08:40,123.6508
31-Aug-2017 17:09:52,126.4725
31-Aug-2017 17:49:32,124.2929
31-Aug-2017 18:37:42,121.2766
31-Aug-2017 19:07:35,122.561
31-Aug-2017 19:42:30,121.8539
31-Aug-2017 20:04:08,123.6508
31-Aug-2017 21:11:48,124.5459
31-Aug-2017 22:33:47,124.8054
01-Sep-2017 00:18:24,124.0335
01-Sep-2017 01:00:17,125.6357
01-Sep-2017 03:57:27,118.3965
01-Sep-2017 05:03:49,116.924
01-Sep-2017 05:21:01,119.616
01-Sep-2017 06:30:07,117.6894
01-Sep-2017 08:13:26,118.2019
01-Sep-2017 09:09:29,114.6796
01-Sep-2017 09:09:30,114.6796
01-Sep-2017 09:09:31,114.6796
01-Sep-2017 09:09:32,114.7444
01-Sep-2017 09:09:33,114.7444
01-Sep-2017 09:09:34,114.7444
01-Sep-2017 09:28:58,114.232
01-Sep-2017 10:26:48,117.884
01-Sep-2017 11:50:54,127.0498
01-Sep-2017 12:55:06,123.6508
01-Sep-2017 13:55:36,128.7169
01-Sep-2017 15:00:31,121.7307
01-Sep-2017 16:04:57,120.3166
01-Sep-2017 16:33:25,126.213
01-Sep-2017 17:02:02,128.0099
01-Sep-2017 17:33:43,122.7556
01-Sep-2017 17:41:57,124.4227
01-Sep-2017 18:26:32,121.4063
01-Sep-2017 18:45:51,126.6606
01-Sep-2017 19:59:19,126.0249
01-Sep-2017 20:21:55,125.253
01-Sep-2017 21:26:15,127.8153
01-Sep-2017 22:12:02,126.6606
01-Sep-2017 22:46:13,126.7255
01-Sep-2017 23:59:34,127.4325
02-Sep-2017 00:26:32,125.8952
02-Sep-2017 02:35:34,118.0721
02-Sep-2017 04:39:04,120.8939
02-Sep-2017 07:11:20,117.9489
02-Sep-2017 08:03:46,117.3716
02-Sep-2017 09:03:56,119.9338
02-Sep-2017 09:46:35,121.4063
02-Sep-2017 11:16:42,119.4214
02-Sep-2017 11:19:04,119.2268
02-Sep-2017 11:19:05,119.2268
02-Sep-2017 11:19:06,119.2268
02-Sep-2017 11:19:07,119.2268
02-Sep-2017 12:28:47,121.1534
02-Sep-2017 13:15:33,121.5361
02-Sep-2017 14:46:11,122.9437
02-Sep-2017 15:20:18,124.6757
02-Sep-2017 16:46:34,123.1383
02-Sep-2017 18:20:17,124.2281
02-Sep-2017 19:00:15,125.6357
02-Sep-2017 19:44:50,127.2379
02-Sep-2017 20:38:09,126.4076
02-Sep-2017 21:01:04,121.7307
02-Sep-2017 21:37:34,122.0485
02-Sep-2017 22:24:27,119.8041
03-Sep-2017 00:06:56,116.7942
03-Sep-2017 00:41:57,116.7942
03-Sep-2017 03:40:14,116.6645
03-Sep-2017 05:14:35,117.2418
03-Sep-2017 07:18:01,120.9587
03-Sep-2017 08:00:06,122.308
03-Sep-2017 08:33:12,119.7392
03-Sep-2017 09:01:30,121.0236
03-Sep-2017 09:30:31,121.9837
03-Sep-2017 10:39:05,123.9686
03-Sep-2017 10:39:06,123.9686
03-Sep-2017 10:39:07,123.9686
03-Sep-2017 10:39:08,123.9686
03-Sep-2017 10:39:09,123.9686
03-Sep-2017 10:39:10,123.9686
03-Sep-2017 11:28:49,125.7006
03-Sep-2017 11:43:48,126.213
03-Sep-2017 12:13:39,125.0584
03-Sep-2017 12:40:32,125.8952
03-Sep-2017 15:02:14,128.2045
03-Sep-2017 16:24:02,132.1744
03-Sep-2017 17:07:29,131.0846
03-Sep-2017 19:48:00,129.4824
03-Sep-2017 21:16:02,129.4175
03-Sep-2017 21:41:18,127.2379
03-Sep-2017 22:44:55,127.7504
03-Sep-2017 23:36:14,127.3028
04-Sep-2017 00:11:07,127.4325
04-Sep-2017 00:26:38,126.4076
04-Sep-2017 01:33:29,127.4325
04-Sep-2017 02:24:09,126.4076
04-Sep-2017 03:30:51,124.6757
04-Sep-2017 04:43:30,125.253
04-Sep-2017 06:41:15,127.945
04-Sep-2017 07:43:36,125.253
04-Sep-2017 09:51:10,127.945
04-Sep-2017 10:40:40,126.8552
04-Sep-2017 11:45:15,130.3192
04-Sep-2017 12:19:10,131.1495
04-Sep-2017 12:19:11,131.1495
04-Sep-2017 12:19:12,131.1495
04-Sep-2017 12:19:13,131.1495
04-Sep-2017 12:19:14,131.1495
04-Sep-2017 12:29:10,129.677
04-Sep-2017 12:29:11,129.677
04-Sep-2017 12:29:12,129.677
04-Sep-2017 12:29:13,129.677
04-Sep-2017 12:29:14,129.677
04-Sep-2017 12:29:15,129.677
04-Sep-2017 12:29:16,129.677
04-Sep-2017 12:29:17,129.677
04-Sep-2017 12:29:18,129.677
04-Sep-2017 12:29:19,129.677
04-Sep-2017 12:29:20,129.677
04-Sep-2017 12:39:11,129.8067
04-Sep-2017 13:39:45,130.9613
04-Sep-2017 14:42:26,130.9613
04-Sep-2017 16:10:12,127.4974
04-Sep-2017 17:52:59,123.8454
04-Sep-2017 18:26:23,125.253
04-Sep-2017 20:42:38,125.1881
04-Sep-2017 21:38:48,126.1482
04-Sep-2017 23:09:07,123.9686
05-Sep-2017 00:28:05,123.7805
05-Sep-2017 01:05:58,123.0086
05-Sep-2017 02:14:15,123.268
05-Sep-2017 04:56:39,123.7156
05-Sep-2017 08:09:43,116.405
05-Sep-2017 11:46:06,117.7543
05-Sep-2017 11:46:48,117.884
05-Sep-2017 11:48:50,118.2019
05-Sep-2017 11:49:15,118.2667
05-Sep-2017 11:59:12,118.3965
05-Sep-2017 11:59:13,118.3316
05-Sep-2017 11:59:14,118.3965
05-Sep-2017 11:59:15,118.3965
05-Sep-2017 11:59:16,118.3316
05-Sep-2017 11:59:17,118.3965
05-Sep-2017 11:59:18,118.3965
05-Sep-2017 11:59:19,118.3965
05-Sep-2017 11:59:20,118.3965
05-Sep-2017 11:59:21,118.3965
05-Sep-2017 11:59:22,118.3965
05-Sep-2017 11:59:23,118.3965
05-Sep-2017 11:59:24,118.3965
05-Sep-2017 11:59:25,118.3965
05-Sep-2017 11:59:26,118.3965
05-Sep-2017 12:09:12,118.4613
05-Sep-2017 12:09:13,118.4613
05-Sep-2017 12:09:14,118.4613
05-Sep-2017 12:09:15,118.4613
05-Sep-2017 14:19:10,121.0236
05-Sep-2017 16:25:19,119.869
05-Sep-2017 18:35:48,118.9738
05-Sep-2017 20:07:07,120.4463
06-Sep-2017 00:51:36,121.4712
06-Sep-2017 08:51:36,121.9188
06-Sep-2017 09:36:17,120.576
06-Sep-2017 10:39:57,119.0387
06-Sep-2017 10:39:58,119.0387
06-Sep-2017 10:39:59,119.097
06-Sep-2017 10:40:00,119.097
06-Sep-2017 10:40:01,119.097
06-Sep-2017 10:40:02,119.097
06-Sep-2017 10:40:03,119.097
06-Sep-2017 10:40:04,119.097
06-Sep-2017 10:40:05,119.097
06-Sep-2017 13:15:26,123.6508
06-Sep-2017 14:15:15,122.1783
06-Sep-2017 14:38:52,121.5361
06-Sep-2017 15:29:38,121.7307
06-Sep-2017 15:56:49,119.8041
06-Sep-2017 16:11:50,120.1284
06-Sep-2017 16:33:30,121.9188
06-Sep-2017 17:09:56,119.9987
06-Sep-2017 20:17:04,122.6259
06-Sep-2017 23:28:06,119.8041
07-Sep-2017 01:33:16,118.137
07-Sep-2017 02:50:19,118.137
07-Sep-2017 03:44:48,116.7942
07-Sep-2017 04:58:08,114.485
07-Sep-2017 06:51:08,115.5747
07-Sep-2017 07:39:57,117.2418
07-Sep-2017 10:09:30,121.0236
07-Sep-2017 12:20:02,122.4961
07-Sep-2017 12:20:03,122.4961
07-Sep-2017 12:20:04,122.4961
07-Sep-2017 12:20:05,122.4961
07-Sep-2017 12:30:02,123.0086
07-Sep-2017 12:30:03,123.0734
07-Sep-2017 12:30:04,123.0086
07-Sep-2017 12:30:05,123.0086
07-Sep-2017 12:30:06,123.0734
07-Sep-2017 12:30:07,123.0734
07-Sep-2017 12:30:08,123.0086
07-Sep-2017 12:30:09,123.0086
07-Sep-2017 12:30:10,123.0734
07-Sep-2017 12:30:11,123.0734
07-Sep-2017 12:30:12,123.0086
07-Sep-2017 12:30:13,123.0086
07-Sep-2017 12:30:14,123.0734
07-Sep-2017 12:40:02,122.8788
07-Sep-2017 17:32:13,124.6757
07-Sep-2017 18:08:51,124.9351
07-Sep-2017 20:01:28,122.7556
07-Sep-2017 21:21:34,123.3329
07-Sep-2017 22:40:08,122.561
08-Sep-2017 01:01:25,116.8591
08-Sep-2017 02:42:56,117.0472
08-Sep-2017 03:19:22,118.2019
08-Sep-2017 04:04:59,117.6894
08-Sep-2017 05:50:57,119.1619
08-Sep-2017 06:55:49,118.8441
08-Sep-2017 07:47:30,118.4613
08-Sep-2017 08:35:14,117.3067
08-Sep-2017 09:47:10,118.3965
08-Sep-2017 10:58:05,118.6495
08-Sep-2017 11:58:22,120.2517
08-Sep-2017 13:15:40,118.137
08-Sep-2017 14:20:08,121.0236
08-Sep-2017 14:20:09,121.0236
08-Sep-2017 14:20:10,121.0236
08-Sep-2017 14:20:11,121.0236
08-Sep-2017 14:20:12,121.0236
08-Sep-2017 14:20:13,121.0236
08-Sep-2017 14:20:14,121.0236
08-Sep-2017 14:20:15,121.0236
08-Sep-2017 14:20:16,121.0236
08-Sep-2017 14:20:17,121.0236
08-Sep-2017 14:20:18,121.0236
08-Sep-2017 14:20:19,121.0236
08-Sep-2017 14:20:20,121.0236
08-Sep-2017 14:20:21,121.0236
08-Sep-2017 14:20:22,121.0236
08-Sep-2017 14:20:23,121.0236
08-Sep-2017 14:20:24,121.0236
08-Sep-2017 14:20:25,121.0236
08-Sep-2017 15:35:13,120.3814
08-Sep-2017 15:55:07,119.5511
08-Sep-2017 17:37:15,121.2766
08-Sep-2017 18:49:43,118.137
08-Sep-2017 19:12:55,119.616
08-Sep-2017 19:45:01,120.3814
08-Sep-2017 20:31:06,122.8204
08-Sep-2017 21:15:49,119.6744
08-Sep-2017 21:54:08,120.7641
08-Sep-2017 22:40:35,122.308
08-Sep-2017 23:41:41,120.3814
09-Sep-2017 01:15:46,118.0137
09-Sep-2017 02:15:26,117.1121
09-Sep-2017 03:45:10,118.6495
09-Sep-2017 05:45:11,118.7143
09-Sep-2017 07:01:12,119.5511
09-Sep-2017 08:06:02,115.8926
09-Sep-2017 09:14:09,120.5112
09-Sep-2017 12:04:01,120.4463
09-Sep-2017 13:13:29,119.5511
09-Sep-2017 14:10:10,121.2182
09-Sep-2017 14:10:11,121.2182
09-Sep-2017 14:10:12,121.2182
09-Sep-2017 14:10:13,121.2182
09-Sep-2017 14:10:14,121.2182
09-Sep-2017 14:10:15,121.2182
09-Sep-2017 14:10:16,121.2182
09-Sep-2017 14:10:17,121.2766
09-Sep-2017 14:10:18,121.2766
09-Sep-2017 14:10:19,121.2766
09-Sep-2017 14:10:20,121.2766
09-Sep-2017 14:10:21,121.2766
09-Sep-2017 14:10:22,121.2766
09-Sep-2017 14:10:23,121.2766
09-Sep-2017 16:02:36,120.576
09-Sep-2017 16:53:32,119.097
09-Sep-2017 20:21:30,117.884
09-Sep-2017 22:38:36,118.7792
10-Sep-2017 02:53:01,116.6645
10-Sep-2017 03:35:23,115.9575
10-Sep-2017 04:07:18,116.2169
10-Sep-2017 05:36:14,116.4699
10-Sep-2017 06:12:04,116.7942
10-Sep-2017 08:14:27,115.7693
10-Sep-2017 08:38:36,116.7942
10-Sep-2017 10:44:27,120.6409
10-Sep-2017 11:24:49,121.1534
10-Sep-2017 13:16:27,123.5859
10-Sep-2017 13:39:27,122.561
10-Sep-2017 13:50:11,122.6907
10-Sep-2017 13:50:12,122.6907
10-Sep-2017 13:50:13,122.6907
10-Sep-2017 13:50:14,122.6907
10-Sep-2017 13:50:15,122.6907
10-Sep-2017 13:50:16,122.6907
10-Sep-2017 13:50:17,122.6907
10-Sep-2017 13:50:18,122.6907
10-Sep-2017 13:50:19,122.6907
10-Sep-2017 13:50:20,122.6907
10-Sep-2017 13:50:21,122.6907
10-Sep-2017 13:50:22,122.6907
10-Sep-2017 13:50:23,122.6907
10-Sep-2017 13:50:24,122.6907
10-Sep-2017 13:50:25,122.6907
10-Sep-2017 13:50:26,122.6907
10-Sep-2017 14:42:51,124.0984
10-Sep-2017 15:19:17,125.1233
10-Sep-2017 15:53:47,122.6907
10-Sep-2017 16:23:31,121.8539
10-Sep-2017 17:25:20,123.7805
10-Sep-2017 18:24:49,120.6409
10-Sep-2017 18:37:19,123.5859
10-Sep-2017 19:33:56,124.3578
10-Sep-2017 19:53:03,124.9351
10-Sep-2017 23:47:37,121.7307
11-Sep-2017 00:13:47,120.8939
11-Sep-2017 01:31:49,119.6744
11-Sep-2017 02:32:57,117.6245
11-Sep-2017 04:41:53,117.1121
11-Sep-2017 06:30:00,115.0623
11-Sep-2017 07:35:55,115.0623
11-Sep-2017 09:26:15,118.5262
11-Sep-2017 10:44:04,118.7792
11-Sep-2017 12:17:05,121.6009
11-Sep-2017 13:20:47,125.3179
11-Sep-2017 14:33:51,121.0885
11-Sep-2017 15:20:16,121.0236
11-Sep-2017 15:20:17,121.1534
11-Sep-2017 15:39:46,122.9437
11-Sep-2017 16:54:03,118.9089
11-Sep-2017 17:45:12,123.0734
11-Sep-2017 18:25:16,124.1632
11-Sep-2017 19:30:39,123.4562
11-Sep-2017 21:02:56,125.6357
11-Sep-2017 22:04:42,123.6508
12-Sep-2017 00:00:20,124.8703
12-Sep-2017 00:55:34,124.5459
12-Sep-2017 01:51:25,123.3978
12-Sep-2017 02:38:29,123.3329
12-Sep-2017 04:10:59,122.308
12-Sep-2017 05:37:23,123.6508
12-Sep-2017 06:32:49,124.2281
12-Sep-2017 07:04:03,123.8454
12-Sep-2017 07:37:12,121.6009
12-Sep-2017 10:54:39,113.9076
12-Sep-2017 14:59:47,113.5249
12-Sep-2017 14:59:48,113.5249
12-Sep-2017 22:59:48,116.3467
13-Sep-2017 02:45:46,121.3415
13-Sep-2017 04:45:07,120.829
13-Sep-2017 06:00:32,120.829
13-Sep-2017 07:29:02,120.7058
13-Sep-2017 08:34:32,119.616
13-Sep-2017 09:14:41,118.9738
13-Sep-2017 10:18:13,119.8041
13-Sep-2017 12:04:54,121.7955
13-Sep-2017 13:03:39,120.8939
13-Sep-2017 13:42:00,124.0335
13-Sep-2017 16:49:53,119.8041
13-Sep-2017 16:49:54,119.8041
13-Sep-2017 16:49:55,119.8041
13-Sep-2017 16:49:56,119.8041
13-Sep-2017 16:49:57,119.8041
13-Sep-2017 16:49:58,119.8041
13-Sep-2017 16:49:59,119.8041
13-Sep-2017 17:50:28,120.6409
13-Sep-2017 18:51:23,122.1134
13-Sep-2017 20:18:15,123.268
14-Sep-2017 02:42:27,121.7307
14-Sep-2017 06:57:58,120.3814
14-Sep-2017 10:23:50,120.9587
14-Sep-2017 12:28:13,121.3415
14-Sep-2017 13:31:32,123.4562
14-Sep-2017 14:38:06,123.4562
14-Sep-2017 15:54:54,124.0984
14-Sep-2017 16:09:54,125.1233
14-Sep-2017 16:09:55,125.1233
14-Sep-2017 16:09:56,125.0584
14-Sep-2017 16:09:57,125.1233
14-Sep-2017 16:09:58,125.1233
14-Sep-2017 17:06:36,123.7805
14-Sep-2017 17:37:13,124.2929
14-Sep-2017 18:36:08,125.7006
14-Sep-2017 19:54:35,124.9351
14-Sep-2017 21:13:29,123.5859
14-Sep-2017 22:15:10,121.9188
15-Sep-2017 01:27:46,120.1284
15-Sep-2017 02:59:37,120.4463
15-Sep-2017 04:32:17,119.9987
15-Sep-2017 06:03:04,120.1284
15-Sep-2017 06:26:14,120.3814
15-Sep-2017 07:05:21,119.2268
15-Sep-2017 07:58:28,119.4214
15-Sep-2017 08:53:03,121.1534
15-Sep-2017 11:34:21,126.3428
15-Sep-2017 12:57:59,127.7504
15-Sep-2017 14:57:19,130.5721
15-Sep-2017 16:28:35,132.4987
15-Sep-2017 17:59:59,131.2792
15-Sep-2017 18:00:00,131.2792
15-Sep-2017 18:00:01,131.2792
15-Sep-2017 18:00:02,131.2792
15-Sep-2017 18:00:03,131.2792
15-Sep-2017 18:00:04,131.2792
15-Sep-2017 18:00:05,131.2792
15-Sep-2017 18:00:06,131.2792
15-Sep-2017 18:00:07,131.2792
15-Sep-2017 18:00:08,131.2792
15-Sep-2017 18:00:09,131.2792
15-Sep-2017 18:00:10,131.2792
15-Sep-2017 18:10:00,131.597
15-Sep-2017 20:37:16,126.3428
16-Sep-2017 00:28:25,125.1233
16-Sep-2017 02:20:30,124.0335
16-Sep-2017 03:09:05,124.6757
16-Sep-2017 04:11:56,123.6508
16-Sep-2017 05:23:25,122.0485
16-Sep-2017 08:08:00,121.0236
16-Sep-2017 08:33:55,122.561
16-Sep-2017 11:03:07,127.1147
16-Sep-2017 12:52:03,128.9699
16-Sep-2017 15:14:02,131.4738
16-Sep-2017 15:57:50,132.3041
16-Sep-2017 17:40:01,133.2641
16-Sep-2017 17:40:02,133.329
16-Sep-2017 17:40:03,133.2641
16-Sep-2017 17:40:04,133.2641
16-Sep-2017 17:40:05,133.329
16-Sep-2017 17:40:06,133.2641
16-Sep-2017 17:40:07,133.2641
16-Sep-2017 19:45:33,129.0348
16-Sep-2017 20:39:02,127.4325
16-Sep-2017 22:37:46,125.5773
17-Sep-2017 00:24:13,125.4476
17-Sep-2017 01:21:13,125.253
17-Sep-2017 02:15:38,123.0086
17-Sep-2017 05:16:45,122.0485
17-Sep-2017 06:47:57,124.2281
17-Sep-2017 07:31:45,123.9102
17-Sep-2017 07:58:11,124.3578
17-Sep-2017 12:39:13,133.0112
17-Sep-2017 12:54:29,131.4089
17-Sep-2017 15:59:39,130.3192
17-Sep-2017 16:43:10,127.692
17-Sep-2017 17:30:03,130.4424
17-Sep-2017 17:30:04,130.4424
17-Sep-2017 17:30:05,130.4424
17-Sep-2017 17:30:06,130.4424
17-Sep-2017 17:30:07,130.384
17-Sep-2017 17:30:08,130.384
17-Sep-2017 17:30:09,130.4424
17-Sep-2017 17:30:10,130.384
17-Sep-2017 17:30:11,130.4424
17-Sep-2017 17:30:12,130.4424
17-Sep-2017 17:30:13,130.4424
17-Sep-2017 17:40:03,130.5073
17-Sep-2017 19:55:51,128.1396
17-Sep-2017 21:31:56,124.1632
17-Sep-2017 22:00:37,124.6757
17-Sep-2017 22:57:34,124.3578
17-Sep-2017 23:49:23,124.0984
18-Sep-2017 02:27:04,121.2182
18-Sep-2017 03:28:23,121.6009
18-Sep-2017 04:00:38,121.0236
18-Sep-2017 04:34:39,120.4463
18-Sep-2017 05:10:47,121.4063
18-Sep-2017 06:08:07,120.3166
18-Sep-2017 07:03:06,119.2268
18-Sep-2017 08:30:46,121.4063
18-Sep-2017 10:56:47,123.1383
18-Sep-2017 11:20:00,122.6259
18-Sep-2017 12:03:46,121.2182
18-Sep-2017 15:58:31,121.7307
18-Sep-2017 19:03:09,121.2766
18-Sep-2017 19:20:08,122.2431
18-Sep-2017 19:20:09,122.2431
18-Sep-2017 19:20:10,122.2431
18-Sep-2017 19:20:11,122.2431
18-Sep-2017 19:20:12,122.2431
18-Sep-2017 19:20:13,122.2431
18-Sep-2017 19:20:14,122.2431
18-Sep-2017 19:20:15,122.2431
18-Sep-2017 19:20:16,122.2431
18-Sep-2017 19:20:17,122.2431
18-Sep-2017 19:20:18,122.2431
18-Sep-2017 19:20:19,122.2431
18-Sep-2017 19:20:20,122.2431
18-Sep-2017 19:20:21,122.2431
18-Sep-2017 19:30:09,121.9188
18-Sep-2017 19:30:10,121.9188
18-Sep-2017 19:30:11,121.9188
18-Sep-2017 19:30:12,121.9188
18-Sep-2017 19:30:13,121.9188
18-Sep-2017 19:30:14,121.9188
18-Sep-2017 20:48:47,121.7955
18-Sep-2017 23:21:46,124.0335
19-Sep-2017 00:27:48,122.4961
19-Sep-2017 01:00:38,122.6907
19-Sep-2017 02:55:12,120.6409
19-Sep-2017 03:54:07,121.1534
19-Sep-2017 04:38:35,120.9587
19-Sep-2017 06:39:25,120.5112
19-Sep-2017 07:30:05,120.1284
19-Sep-2017 08:28:32,119.4863
19-Sep-2017 08:36:00,119.6744
19-Sep-2017 14:39:57,119.8041
19-Sep-2017 17:31:58,121.0236
19-Sep-2017 18:21:41,123.8454
19-Sep-2017 18:21:42,123.8454
19-Sep-2017 18:21:43,123.8454
19-Sep-2017 18:21:44,123.8454
19-Sep-2017 18:21:45,123.8454
19-Sep-2017 18:21:46,123.8454
19-Sep-2017 18:21:47,123.8454
19-Sep-2017 18:21:48,123.8454
19-Sep-2017 18:21:49,123.8454
19-Sep-2017 18:21:50,123.8454
19-Sep-2017 18:21:51,123.8454
19-Sep-2017 18:21:52,123.8454
19-Sep-2017 18:21:53,123.8454
19-Sep-2017 18:21:54,123.8454
19-Sep-2017 18:31:42,123.8454
19-Sep-2017 18:31:43,123.8454
19-Sep-2017 18:31:44,123.8454
19-Sep-2017 18:31:45,123.8454
19-Sep-2017 20:04:43,123.1383
19-Sep-2017 21:12:26,123.8454
19-Sep-2017 23:20:05,123.2032
20-Sep-2017 00:11:10,124.0984
20-Sep-2017 04:04:51,122.6907
20-Sep-2017 05:20:42,122.8788
20-Sep-2017 05:47:03,123.4562
20-Sep-2017 08:14:00,123.3978
20-Sep-2017 09:53:22,123.6508
20-Sep-2017 15:30:50,128.3277
20-Sep-2017 16:18:57,131.9863
