time,value
10-May-2017 18:27:36,124.03
10-May-2017 19:27:36,124.03
10-May-2017 20:27:36,125.32
10-May-2017 21:27:36,121.54
10-May-2017 22:27:36,121.54
10-May-2017 23:27:36,122.05
11-May-2017 00:27:36,121.8
11-May-2017 01:27:36,123.46
11-May-2017 02:27:36,125.83
11-May-2017 03:27:36,123.33
11-May-2017 04:27:36,119.55
11-May-2017 05:27:36,118.84
11-May-2017 06:27:36,123.65
11-May-2017 07:27:36,123.65
11-May-2017 08:27:36,117.75
11-May-2017 09:27:36,116.86
11-May-2017 10:27:36,120.19
11-May-2017 11:27:36,125.19
11-May-2017 12:27:36,125.19
11-May-2017 13:27:36,118.2
11-May-2017 14:27:36,120.64
11-May-2017 15:27:36,120.64
11-May-2017 16:27:36,118.46
11-May-2017 17:27:36,120.32
11-May-2017 18:27:36,116.47
11-May-2017 19:27:36,116.15
11-May-2017 20:27:36,115.32
11-May-2017 21:27:36,116.73
11-May-2017 22:27:36,119.74
11-May-2017 23:27:36,116.09
12-May-2017 00:27:36,117.82
12-May-2017 01:27:36,117.82
12-May-2017 02:27:36,109.48
12-May-2017 03:27:36,109.48
12-May-2017 04:27:36,110.57
12-May-2017 05:27:36,110.64
12-May-2017 06:27:36,110.64
12-May-2017 07:27:36,110.64
12-May-2017 08:27:36,107.82
12-May-2017 09:27:36,110.83
12-May-2017 10:27:36,117.56
12-May-2017 11:27:36,118.97
12-May-2017 12:27:36,118.78
12-May-2017 13:27:36,118.33
12-May-2017 14:27:36,123.46
12-May-2017 15:27:36,125.06
12-May-2017 16:27:36,126.41
12-May-2017 17:27:36,126.41
12-May-2017 18:27:36,125.77
12-May-2017 19:27:36,125.77
12-May-2017 20:27:36,125.77
12-May-2017 21:27:36,127.82
12-May-2017 22:27:36,128.39
12-May-2017 23:27:36,128.39
13-May-2017 00:27:36,125.51
13-May-2017 01:27:36,126.6
13-May-2017 02:27:36,124.42
13-May-2017 03:27:36,122.5
13-May-2017 04:27:36,114.68
13-May-2017 05:27:36,117.82
13-May-2017 06:27:36,117.82
13-May-2017 07:27:36,120.45
13-May-2017 08:27:36,120.45
13-May-2017 09:27:36,120.45
13-May-2017 10:27:36,125.32
13-May-2017 11:27:36,125.32
13-May-2017 12:27:36,127.56
13-May-2017 13:27:36,127.56
13-May-2017 14:27:36,135.31
13-May-2017 15:27:36,135.31
13-May-2017 16:27:36,135.38
13-May-2017 17:27:36,134.22
13-May-2017 18:27:36,134.22
13-May-2017 19:27:36,130.06
13-May-2017 20:27:36,130.06
13-May-2017 21:27:36,132.75
13-May-2017 22:27:36,132.75
13-May-2017 23:27:36,130.7
14-May-2017 00:27:36,130.7
14-May-2017 01:27:36,124.42
14-May-2017 02:27:36,124.94
14-May-2017 03:27:36,124.61
14-May-2017 04:27:36,124.61
14-May-2017 05:27:36,124.61
14-May-2017 06:27:36,116.79
14-May-2017 07:27:36,115.26
14-May-2017 08:27:36,114.74
14-May-2017 09:27:36,116.15
14-May-2017 10:27:36,118.33
14-May-2017 11:27:36,121.85
14-May-2017 12:27:36,122.24
14-May-2017 13:27:36,122.18
14-May-2017 14:27:36,123.33
14-May-2017 15:27:36,124.36
14-May-2017 16:27:36,124.03
14-May-2017 17:27:36,124.29
14-May-2017 18:27:36,122.11
14-May-2017 19:27:36,121.6
14-May-2017 20:27:36,116.15
14-May-2017 21:27:36,116.22
14-May-2017 22:27:36,116.22
14-May-2017 23:27:36,116.22
15-May-2017 00:27:36,118.84
15-May-2017 01:27:36,118.84
15-May-2017 02:27:36,117.24
15-May-2017 03:27:36,117.44
15-May-2017 04:27:36,117.44
15-May-2017 05:27:36,117.44
15-May-2017 06:27:36,120
15-May-2017 07:27:36,120
15-May-2017 08:27:36,120
15-May-2017 09:27:36,123.59
15-May-2017 10:27:36,123.59
15-May-2017 11:27:36,128.84
15-May-2017 12:27:36,128.84
15-May-2017 13:27:36,128.84
15-May-2017 14:27:36,128.78
15-May-2017 15:27:36,128.78
15-May-2017 16:27:36,132.11
15-May-2017 17:27:36,132.11
15-May-2017 18:27:36,132.11
15-May-2017 19:27:36,134.61
15-May-2017 20:27:36,134.61
15-May-2017 21:27:36,134.35
15-May-2017 22:27:36,129.74
15-May-2017 23:27:36,129.74
16-May-2017 00:27:36,129.74
16-May-2017 01:27:36,126.34
16-May-2017 02:27:36,125.38
16-May-2017 03:27:36,125.38
16-May-2017 04:27:36,125.38
16-May-2017 05:27:36,129.1
16-May-2017 06:27:36,129.1
16-May-2017 07:27:36,126.28
16-May-2017 08:27:36,121.98
16-May-2017 09:27:36,121.98
16-May-2017 10:27:36,121.98
16-May-2017 11:27:36,121.98
16-May-2017 12:27:36,121.98
16-May-2017 13:27:36,121.98
16-May-2017 14:27:36,121.98
16-May-2017 15:27:36,121.98
16-May-2017 16:27:36,121.73
16-May-2017 17:27:36,121.73
16-May-2017 18:27:36,121.73
16-May-2017 19:27:36,121.73
16-May-2017 20:27:36,121.73
16-May-2017 21:27:36,121.73
16-May-2017 22:27:36,121.73
16-May-2017 23:27:36,121.73
17-May-2017 00:27:36,121.73
17-May-2017 01:27:36,121.73
17-May-2017 02:27:36,121.73
17-May-2017 03:27:36,121.73
17-May-2017 04:27:36,121.73
17-May-2017 05:27:36,121.73
17-May-2017 06:27:36,121.73
17-May-2017 07:27:36,121.73
17-May-2017 08:27:36,121.73
17-May-2017 09:27:36,121.73
17-May-2017 10:27:36,106.28
17-May-2017 11:27:36,102.18
17-May-2017 12:27:36,102.18
17-May-2017 13:27:36,102.18
17-May-2017 14:27:36,102.18
17-May-2017 15:27:36,102.18
17-May-2017 16:27:36,102.18
17-May-2017 17:27:36,102.18
17-May-2017 18:27:36,102.18
17-May-2017 19:27:36,102.18
17-May-2017 20:27:36,102.18
17-May-2017 21:27:36,102.18
17-May-2017 22:27:36,102.18
17-May-2017 23:27:36,102.18
18-May-2017 00:27:36,102.18
18-May-2017 01:27:36,102.18
18-May-2017 02:27:36,102.18
18-May-2017 03:27:36,104.42
18-May-2017 04:27:36,101.47
18-May-2017 05:27:36,114.42
18-May-2017 06:27:36,116.28
18-May-2017 07:27:36,114.55
18-May-2017 08:27:36,114.55
18-May-2017 09:27:36,110.77
18-May-2017 10:27:36,110.77
18-May-2017 11:27:36,111.73
18-May-2017 12:27:36,113.33
18-May-2017 13:27:36,113.33
18-May-2017 14:27:36,114.93
18-May-2017 15:27:36,113.84
18-May-2017 16:27:36,121.8
18-May-2017 17:27:36,121.8
18-May-2017 18:27:36,121.8
18-May-2017 19:27:36,125.32
18-May-2017 20:27:36,121.41
18-May-2017 21:27:36,121.41
18-May-2017 22:27:36,117.24
18-May-2017 23:27:36,119.74
19-May-2017 00:27:36,119.1
19-May-2017 01:27:36,119.1
19-May-2017 02:27:36,114.74
19-May-2017 03:27:36,113.52
19-May-2017 04:27:36,114.1
19-May-2017 05:27:36,116.09
19-May-2017 06:27:36,116.09
19-May-2017 07:27:36,114.87
19-May-2017 08:27:36,120.71
19-May-2017 09:27:36,117.69
19-May-2017 10:27:36,117.69
19-May-2017 11:27:36,112.62
19-May-2017 12:27:36,119.93
19-May-2017 13:27:36,118.91
19-May-2017 14:27:36,117.56
19-May-2017 15:27:36,117.49
19-May-2017 16:27:36,121.15
19-May-2017 17:27:36,116.6
19-May-2017 18:27:36,116.86
19-May-2017 19:27:36,116.86
19-May-2017 20:27:36,123.78
19-May-2017 21:27:36,124.81
19-May-2017 22:27:36,120.06
19-May-2017 23:27:36,124.42
20-May-2017 00:27:36,129.74
20-May-2017 01:27:36,128.52
20-May-2017 02:27:36,128.72
20-May-2017 03:27:36,129.23
20-May-2017 04:27:36,125.25
20-May-2017 05:27:36,126.02
20-May-2017 06:27:36,126.02
20-May-2017 07:27:36,126.92
20-May-2017 08:27:36,122.18
20-May-2017 09:27:36,122.18
20-May-2017 10:27:36,122.18
20-May-2017 11:27:36,123.07
20-May-2017 12:27:36,121.02
20-May-2017 13:27:36,121.02
20-May-2017 14:27:36,127.63
20-May-2017 15:27:36,128.46
20-May-2017 16:27:36,128.46
20-May-2017 17:27:36,128.46
20-May-2017 18:27:36,128.46
20-May-2017 19:27:36,128.46
20-May-2017 20:27:36,128.46
20-May-2017 21:27:36,129.81
20-May-2017 22:27:36,129.81
20-May-2017 23:27:36,128.97
21-May-2017 00:27:36,126.73
21-May-2017 01:27:36,126.34
21-May-2017 02:27:36,130.12
21-May-2017 03:27:36,130.12
21-May-2017 04:27:36,130.12
21-May-2017 05:27:36,130.12
21-May-2017 06:27:36,132.3
21-May-2017 07:27:36,132.3
21-May-2017 08:27:36,132.3
21-May-2017 09:27:36,132.37
21-May-2017 10:27:36,130.9
21-May-2017 11:27:36,130.9
21-May-2017 12:27:36,130.9
21-May-2017 13:27:36,137.62
21-May-2017 14:27:36,137.62
21-May-2017 15:27:36,137.62
21-May-2017 16:27:36,134.42
21-May-2017 17:27:36,134.42
21-May-2017 18:27:36,132.69
21-May-2017 19:27:36,131.34
21-May-2017 20:27:36,129.23
21-May-2017 21:27:36,129.23
21-May-2017 22:27:36,129.23
21-May-2017 23:27:36,129.23
22-May-2017 00:27:36,128.78
22-May-2017 01:27:36,127.37
22-May-2017 02:27:36,127.37
22-May-2017 03:27:36,128.59
22-May-2017 04:27:36,128.59
22-May-2017 05:27:36,128.46
22-May-2017 06:27:36,128.27
22-May-2017 07:27:36,128.14
22-May-2017 08:27:36,128.14
22-May-2017 09:27:36,125.51
22-May-2017 10:27:36,125.51
22-May-2017 11:27:36,125.51
22-May-2017 12:27:36,125.51
22-May-2017 13:27:36,130.83
22-May-2017 14:27:36,134.35
22-May-2017 15:27:36,135.13
22-May-2017 16:27:36,135.13
22-May-2017 17:27:36,135.13
22-May-2017 18:27:36,135.13
22-May-2017 19:27:36,135.13
22-May-2017 20:27:36,135.31
22-May-2017 21:27:36,136.15
22-May-2017 22:27:36,132.24
22-May-2017 23:27:36,131.79
23-May-2017 00:27:36,132.56
23-May-2017 01:27:36,131.66
23-May-2017 02:27:36,132.37
23-May-2017 03:27:36,132.37
23-May-2017 04:27:36,130.9
23-May-2017 05:27:36,130.7
23-May-2017 06:27:36,130.7
23-May-2017 07:27:36,130.7
23-May-2017 08:27:36,130.7
23-May-2017 09:27:36,130.7
23-May-2017 10:27:36,130.7
23-May-2017 11:27:36,130.7
23-May-2017 12:27:36,130.7
23-May-2017 13:27:36,130.7
23-May-2017 14:27:36,130.7
23-May-2017 15:27:36,130.7
23-May-2017 16:27:36,130.7
23-May-2017 17:27:36,130.7
23-May-2017 18:27:36,130.7
23-May-2017 19:27:36,130.7
23-May-2017 20:27:36,130.7
23-May-2017 21:27:36,130.7
23-May-2017 22:27:36,130.7
23-May-2017 23:27:36,130.7
24-May-2017 00:27:36,130.7
24-May-2017 01:27:36,130.7
24-May-2017 02:27:36,130.7
24-May-2017 03:27:36,130.7
24-May-2017 04:27:36,130.7
24-May-2017 05:27:36,130.7
24-May-2017 06:27:36,130.7
24-May-2017 07:27:36,130.7
24-May-2017 08:27:36,130.7
24-May-2017 09:27:36,130.7
24-May-2017 10:27:36,130.7
24-May-2017 11:27:36,130.7
24-May-2017 12:27:36,130.7
24-May-2017 13:27:36,130.7
24-May-2017 14:27:36,130.7
24-May-2017 15:27:36,126.86
24-May-2017 16:27:36,126.02
24-May-2017 17:27:36,127.88
24-May-2017 18:27:36,127.5
24-May-2017 19:27:36,127.05
24-May-2017 20:27:36,127.05
24-May-2017 21:27:36,126.47
24-May-2017 22:27:36,130.19
24-May-2017 23:27:36,127.5
25-May-2017 00:27:36,123.4
25-May-2017 01:27:36,123.4
25-May-2017 02:27:36,125.9
25-May-2017 03:27:36,128.33
25-May-2017 04:27:36,124.68
25-May-2017 05:27:36,125.32
25-May-2017 06:27:36,125.32
25-May-2017 07:27:36,125.32
25-May-2017 08:27:36,127.24
25-May-2017 09:27:36,121.28
25-May-2017 10:27:36,121.8
25-May-2017 11:27:36,124.23
25-May-2017 12:27:36,127.82
25-May-2017 13:27:36,127.75
25-May-2017 14:27:36,123.72
25-May-2017 15:27:36,123.72
25-May-2017 16:27:36,128.59
25-May-2017 17:27:36,122.88
25-May-2017 18:27:36,122.37
25-May-2017 19:27:36,128.07
25-May-2017 20:27:36,132.75
25-May-2017 21:27:36,130.19
25-May-2017 22:27:36,130.19
25-May-2017 23:27:36,131.02
26-May-2017 00:27:36,134.29
26-May-2017 01:27:36,130.57
26-May-2017 02:27:36,126.73
26-May-2017 03:27:36,127.63
26-May-2017 04:27:36,128.84
26-May-2017 05:27:36,128.84
26-May-2017 06:27:36,128.84
26-May-2017 07:27:36,128.84
26-May-2017 08:27:36,124.42
26-May-2017 09:27:36,131.86
26-May-2017 10:27:36,131.86
26-May-2017 11:27:36,127.5
26-May-2017 12:27:36,127.5
26-May-2017 13:27:36,127.3
26-May-2017 14:27:36,127.75
26-May-2017 15:27:36,128.07
26-May-2017 16:27:36,134.17
26-May-2017 17:27:36,134.68
26-May-2017 18:27:36,134.68
26-May-2017 19:27:36,132.17
26-May-2017 20:27:36,132.37
26-May-2017 21:27:36,132.37
26-May-2017 22:27:36,132.37
26-May-2017 23:27:36,132.11
27-May-2017 00:27:36,132.5
27-May-2017 01:27:36,129.16
27-May-2017 02:27:36,123.78
27-May-2017 03:27:36,128.65
27-May-2017 04:27:36,129.29
27-May-2017 05:27:36,124.81
27-May-2017 06:27:36,125.64
27-May-2017 07:27:36,125.64
27-May-2017 08:27:36,122.69
27-May-2017 09:27:36,122.69
27-May-2017 10:27:36,127.05
27-May-2017 11:27:36,130.51
27-May-2017 12:27:36,129.68
27-May-2017 13:27:36,129.74
27-May-2017 14:27:36,132.37
27-May-2017 15:27:36,135.96
27-May-2017 16:27:36,130.44
27-May-2017 17:27:36,130.44
27-May-2017 18:27:36,131.21
27-May-2017 19:27:36,131.21
27-May-2017 20:27:36,136.66
27-May-2017 21:27:36,136.66
27-May-2017 22:27:36,136.66
27-May-2017 23:27:36,135.77
28-May-2017 00:27:36,131.28
28-May-2017 01:27:36,131.34
28-May-2017 02:27:36,131.34
28-May-2017 03:27:36,130.83
28-May-2017 04:27:36,129.61
28-May-2017 05:27:36,129.61
28-May-2017 06:27:36,126.98
28-May-2017 07:27:36,127.11
28-May-2017 08:27:36,127.11
28-May-2017 09:27:36,129.87
28-May-2017 10:27:36,130.83
28-May-2017 11:27:36,130.83
28-May-2017 12:27:36,131.08
28-May-2017 13:27:36,131.08
28-May-2017 14:27:36,131.08
28-May-2017 15:27:36,131.47
28-May-2017 16:27:36,129.68
28-May-2017 17:27:36,129.68
28-May-2017 18:27:36,129.68
28-May-2017 19:27:36,132.43
28-May-2017 20:27:36,132.43
28-May-2017 21:27:36,132.43
28-May-2017 22:27:36,132.43
28-May-2017 23:27:36,133.26
29-May-2017 00:27:36,133.26
29-May-2017 01:27:36,128.59
29-May-2017 02:27:36,128.59
29-May-2017 03:27:36,128.59
29-May-2017 04:27:36,126.73
29-May-2017 05:27:36,128.27
29-May-2017 06:27:36,131.73
29-May-2017 07:27:36,131.73
29-May-2017 08:27:36,131.73
29-May-2017 09:27:36,135.06
29-May-2017 10:27:36,138.07
29-May-2017 11:27:36,136.79
29-May-2017 12:27:36,136.79
29-May-2017 13:27:36,139.93
29-May-2017 14:27:36,138.91
29-May-2017 15:27:36,139.93
29-May-2017 16:27:36,139.93
29-May-2017 17:27:36,139.23
29-May-2017 18:27:36,139.23
29-May-2017 19:27:36,139.23
29-May-2017 20:27:36,136.73
29-May-2017 21:27:36,136.73
29-May-2017 22:27:36,136.73
29-May-2017 23:27:36,136.73
30-May-2017 00:27:36,133.59
30-May-2017 01:27:36,132.24
30-May-2017 02:27:36,132.24
30-May-2017 03:27:36,131.92
30-May-2017 04:27:36,131.92
30-May-2017 05:27:36,131.21
30-May-2017 06:27:36,130.32
30-May-2017 07:27:36,129.99
30-May-2017 08:27:36,129.99
30-May-2017 09:27:36,126.09
30-May-2017 10:27:36,126.09
30-May-2017 11:27:36,126.09
30-May-2017 12:27:36,126.54
30-May-2017 13:27:36,126.54
30-May-2017 14:27:36,126.54
30-May-2017 15:27:36,126.54
30-May-2017 16:27:36,130.64
30-May-2017 17:27:36,130.64
30-May-2017 18:27:36,134.35
30-May-2017 19:27:36,132.24
30-May-2017 20:27:36,132.75
30-May-2017 21:27:36,134.68
30-May-2017 22:27:36,132.37
30-May-2017 23:27:36,132.37
31-May-2017 00:27:36,130.57
31-May-2017 01:27:36,130.51
31-May-2017 02:27:36,131.53
31-May-2017 03:27:36,130.38
31-May-2017 04:27:36,132.17
31-May-2017 05:27:36,134.17
31-May-2017 06:27:36,132.69
31-May-2017 07:27:36,132.69
31-May-2017 08:27:36,129.48
31-May-2017 09:27:36,127.82
31-May-2017 10:27:36,129.93
31-May-2017 11:27:36,131.86
31-May-2017 12:27:36,130.32
31-May-2017 13:27:36,130.32
31-May-2017 14:27:36,130.06
31-May-2017 15:27:36,130.06
31-May-2017 16:27:36,131.21
31-May-2017 17:27:36,133.01
31-May-2017 18:27:36,132.69
31-May-2017 19:27:36,130.51
31-May-2017 20:27:36,129.23
31-May-2017 21:27:36,129.23
31-May-2017 22:27:36,129.23
31-May-2017 23:27:36,131.86
01-Jun-2017 00:27:36,134.48
01-Jun-2017 01:27:36,133.65
01-Jun-2017 02:27:36,133.65
01-Jun-2017 03:27:36,133.65
01-Jun-2017 04:27:36,132.75
01-Jun-2017 05:27:36,131.86
01-Jun-2017 06:27:36,129.68
01-Jun-2017 07:27:36,126.54
01-Jun-2017 08:27:36,128.01
01-Jun-2017 09:27:36,126.98
01-Jun-2017 10:27:36,126.98
01-Jun-2017 11:27:36,126.98
01-Jun-2017 12:27:36,127.43
01-Jun-2017 13:27:36,127.43
01-Jun-2017 14:27:36,127.43
01-Jun-2017 15:27:36,127.43
01-Jun-2017 16:27:36,127.43
01-Jun-2017 17:27:36,127.43
01-Jun-2017 18:27:36,133.91
01-Jun-2017 19:27:36,133.91
01-Jun-2017 20:27:36,133.91
01-Jun-2017 21:27:36,133.91
01-Jun-2017 22:27:36,139.67
01-Jun-2017 23:27:36,139.67
02-Jun-2017 00:27:36,139.67
02-Jun-2017 01:27:36,132.11
02-Jun-2017 02:27:36,132.11
02-Jun-2017 03:27:36,126.86
02-Jun-2017 04:27:36,126.86
02-Jun-2017 05:27:36,126.86
02-Jun-2017 06:27:36,123.85
02-Jun-2017 07:27:36,123.65
02-Jun-2017 08:27:36,123.65
02-Jun-2017 09:27:36,130.57
02-Jun-2017 10:27:36,130.57
02-Jun-2017 11:27:36,136.02
02-Jun-2017 12:27:36,136.02
02-Jun-2017 13:27:36,136.02
02-Jun-2017 14:27:36,136.02
02-Jun-2017 15:27:36,141.85
02-Jun-2017 16:27:36,139.48
02-Jun-2017 17:27:36,139.48
02-Jun-2017 18:27:36,143.4
02-Jun-2017 19:27:36,142.31
02-Jun-2017 20:27:36,142.31
02-Jun-2017 21:27:36,142.31
02-Jun-2017 22:27:36,138.65
02-Jun-2017 23:27:36,138.65
03-Jun-2017 00:27:36,135.51
03-Jun-2017 01:27:36,135.51
03-Jun-2017 02:27:36,135.51
03-Jun-2017 03:27:36,133.52
03-Jun-2017 04:27:36,133.52
03-Jun-2017 05:27:36,132.43
03-Jun-2017 06:27:36,129.99
03-Jun-2017 07:27:36,129.99
03-Jun-2017 08:27:36,133.97
03-Jun-2017 09:27:36,133.97
03-Jun-2017 10:27:36,133.97
03-Jun-2017 11:27:36,140.89
03-Jun-2017 12:27:36,140.89
03-Jun-2017 13:27:36,141.53
03-Jun-2017 14:27:36,141.53
03-Jun-2017 15:27:36,141.53
03-Jun-2017 16:27:36,136.28
03-Jun-2017 17:27:36,137.31
03-Jun-2017 18:27:36,142.43
03-Jun-2017 19:27:36,139.23
03-Jun-2017 20:27:36,139.23
03-Jun-2017 21:27:36,138.52
03-Jun-2017 22:27:36,138.52
03-Jun-2017 23:27:36,138.14
04-Jun-2017 00:27:36,138.14
04-Jun-2017 01:27:36,138.14
04-Jun-2017 02:27:36,137.82
04-Jun-2017 03:27:36,137.82
04-Jun-2017 04:27:36,137.82
04-Jun-2017 05:27:36,137.82
04-Jun-2017 06:27:36,137.82
04-Jun-2017 07:27:36,136.02
04-Jun-2017 08:27:36,134.61
04-Jun-2017 09:27:36,134.61
04-Jun-2017 10:27:36,134.61
04-Jun-2017 11:27:36,138.27
04-Jun-2017 12:27:36,139.55
04-Jun-2017 13:27:36,139.55
04-Jun-2017 14:27:36,139.29
04-Jun-2017 15:27:36,139.29
04-Jun-2017 16:27:36,139.29
04-Jun-2017 17:27:36,141.34
04-Jun-2017 18:27:36,141.34
04-Jun-2017 19:27:36,141.34
04-Jun-2017 20:27:36,141.34
04-Jun-2017 21:27:36,141.34
04-Jun-2017 22:27:36,141.34
04-Jun-2017 23:27:36,141.34
05-Jun-2017 00:27:36,131.28
05-Jun-2017 01:27:36,131.28
05-Jun-2017 02:27:36,131.92
05-Jun-2017 03:27:36,131.02
05-Jun-2017 04:27:36,128.65
05-Jun-2017 05:27:36,128.65
05-Jun-2017 06:27:36,128.65
05-Jun-2017 07:27:36,130.83
05-Jun-2017 08:27:36,129.68
05-Jun-2017 09:27:36,129.68
05-Jun-2017 10:27:36,129.68
05-Jun-2017 11:27:36,129.68
05-Jun-2017 12:27:36,124.94
05-Jun-2017 13:27:36,121.67
05-Jun-2017 14:27:36,121.67
05-Jun-2017 15:27:36,119.8
05-Jun-2017 16:27:36,121.8
05-Jun-2017 17:27:36,121.8
05-Jun-2017 18:27:36,121.8
05-Jun-2017 19:27:36,121.8
05-Jun-2017 20:27:36,126.54
05-Jun-2017 21:27:36,121.73
05-Jun-2017 22:27:36,121.73
05-Jun-2017 23:27:36,123.65
06-Jun-2017 00:27:36,123.65
06-Jun-2017 01:27:36,121.15
06-Jun-2017 02:27:36,121.15
06-Jun-2017 03:27:36,121.15
06-Jun-2017 04:27:36,121.15
06-Jun-2017 05:27:36,121.15
06-Jun-2017 06:27:36,126.09
06-Jun-2017 07:27:36,119.04
06-Jun-2017 08:27:36,119.04
06-Jun-2017 09:27:36,119.04
06-Jun-2017 10:27:36,119.04
06-Jun-2017 11:27:36,119.04
06-Jun-2017 12:27:36,119.04
06-Jun-2017 13:27:36,119.04
06-Jun-2017 14:27:36,115.83
06-Jun-2017 15:27:36,115.83
06-Jun-2017 16:27:36,115.83
06-Jun-2017 17:27:36,115.83
06-Jun-2017 18:27:36,115.83
06-Jun-2017 19:27:36,115.83
06-Jun-2017 20:27:36,115.83
06-Jun-2017 21:27:36,115.83
06-Jun-2017 22:27:36,120.45
06-Jun-2017 23:27:36,120.45
07-Jun-2017 00:27:36,122.31
07-Jun-2017 01:27:36,124.23
07-Jun-2017 02:27:36,124.42
07-Jun-2017 03:27:36,127.24
07-Jun-2017 04:27:36,129.55
07-Jun-2017 05:27:36,127.05
07-Jun-2017 06:27:36,129.61
07-Jun-2017 07:27:36,130.12
07-Jun-2017 08:27:36,130.12
07-Jun-2017 09:27:36,131.66
07-Jun-2017 10:27:36,128.84
07-Jun-2017 11:27:36,132.5
07-Jun-2017 12:27:36,132.5
07-Jun-2017 13:27:36,130.7
07-Jun-2017 14:27:36,131.6
07-Jun-2017 15:27:36,134.35
07-Jun-2017 16:27:36,129.81
07-Jun-2017 17:27:36,130.64
07-Jun-2017 18:27:36,136.53
07-Jun-2017 19:27:36,136.53
07-Jun-2017 20:27:36,136.53
07-Jun-2017 21:27:36,138.14
07-Jun-2017 22:27:36,133.84
07-Jun-2017 23:27:36,133.84
08-Jun-2017 00:27:36,133.84
08-Jun-2017 01:27:36,130.51
08-Jun-2017 02:27:36,130.51
08-Jun-2017 03:27:36,130.51
08-Jun-2017 04:27:36,130.51
08-Jun-2017 05:27:36,130.51
08-Jun-2017 06:27:36,130.51
08-Jun-2017 07:27:36,123.52
08-Jun-2017 08:27:36,123.52
08-Jun-2017 09:27:36,123.52
08-Jun-2017 10:27:36,129.03
08-Jun-2017 11:27:36,129.03
08-Jun-2017 12:27:36,133.59
08-Jun-2017 13:27:36,133.59
08-Jun-2017 14:27:36,138.84
08-Jun-2017 15:27:36,140.06
08-Jun-2017 16:27:36,138.91
08-Jun-2017 17:27:36,139.42
08-Jun-2017 18:27:36,139.42
08-Jun-2017 19:27:36,139.42
08-Jun-2017 20:27:36,140.32
08-Jun-2017 21:27:36,140.32
08-Jun-2017 22:27:36,140.32
08-Jun-2017 23:27:36,135.51
09-Jun-2017 00:27:36,134.04
09-Jun-2017 01:27:36,134.93
09-Jun-2017 02:27:36,134.93
09-Jun-2017 03:27:36,133.52
09-Jun-2017 04:27:36,132.88
09-Jun-2017 05:27:36,132.88
09-Jun-2017 06:27:36,132.88
09-Jun-2017 07:27:36,132.88
09-Jun-2017 08:27:36,132.62
09-Jun-2017 09:27:36,133.46
09-Jun-2017 10:27:36,133.46
09-Jun-2017 11:27:36,133.46
09-Jun-2017 12:27:36,133.46
09-Jun-2017 13:27:36,133.46
09-Jun-2017 14:27:36,133.46
09-Jun-2017 15:27:36,143.07
09-Jun-2017 16:27:36,143.52
09-Jun-2017 17:27:36,140.32
09-Jun-2017 18:27:36,138.27
09-Jun-2017 19:27:36,135.83
09-Jun-2017 20:27:36,134.29
09-Jun-2017 21:27:36,135.7
09-Jun-2017 22:27:36,137.82
09-Jun-2017 23:27:36,132.88
10-Jun-2017 00:27:36,132.88
10-Jun-2017 01:27:36,129.74
10-Jun-2017 02:27:36,129.74
10-Jun-2017 03:27:36,129.87
10-Jun-2017 04:27:36,132.75
10-Jun-2017 05:27:36,132.75
10-Jun-2017 06:27:36,132.75
10-Jun-2017 07:27:36,135.31
10-Jun-2017 08:27:36,135.31
10-Jun-2017 09:27:36,135.31
10-Jun-2017 10:27:36,139.16
10-Jun-2017 11:27:36,138.71
10-Jun-2017 12:27:36,138.71
10-Jun-2017 13:27:36,138.71
10-Jun-2017 14:27:36,144.23
10-Jun-2017 15:27:36,144.23
10-Jun-2017 16:27:36,145.19
10-Jun-2017 17:27:36,145.19
10-Jun-2017 18:27:36,145.19
10-Jun-2017 19:27:36,143.84
10-Jun-2017 20:27:36,143.84
10-Jun-2017 21:27:36,143.84
10-Jun-2017 22:27:36,143.84
10-Jun-2017 23:27:36,138.52
11-Jun-2017 00:27:36,138.52
11-Jun-2017 01:27:36,139.74
11-Jun-2017 02:27:36,139.74
11-Jun-2017 03:27:36,139.74
11-Jun-2017 04:27:36,138.65
11-Jun-2017 05:27:36,138.91
11-Jun-2017 06:27:36,138.91
11-Jun-2017 07:27:36,138.91
11-Jun-2017 08:27:36,138.91
11-Jun-2017 09:27:36,138.91
11-Jun-2017 10:27:36,143.45
11-Jun-2017 11:27:36,143.45
11-Jun-2017 12:27:36,143.45
11-Jun-2017 13:27:36,145.63
11-Jun-2017 14:27:36,145.63
11-Jun-2017 15:27:36,148.72
11-Jun-2017 16:27:36,148.72
11-Jun-2017 17:27:36,148.72
11-Jun-2017 18:27:36,148.72
11-Jun-2017 19:27:36,148.72
11-Jun-2017 20:27:36,147.56
11-Jun-2017 21:27:36,147.56
11-Jun-2017 22:27:36,147.56
11-Jun-2017 23:27:36,143.65
12-Jun-2017 00:27:36,143.65
12-Jun-2017 01:27:36,140.89
12-Jun-2017 02:27:36,140.89
12-Jun-2017 03:27:36,139.74
12-Jun-2017 04:27:36,139.74
12-Jun-2017 05:27:36,139.74
12-Jun-2017 06:27:36,139.74
12-Jun-2017 07:27:36,139.74
12-Jun-2017 08:27:36,138.07
12-Jun-2017 09:27:36,138.07
12-Jun-2017 10:27:36,143.97
12-Jun-2017 11:27:36,143.97
12-Jun-2017 12:27:36,143.97
12-Jun-2017 13:27:36,143.97
12-Jun-2017 14:27:36,143.97
12-Jun-2017 15:27:36,143.97
12-Jun-2017 16:27:36,149.93
12-Jun-2017 17:27:36,149.93
12-Jun-2017 18:27:36,149.93
12-Jun-2017 19:27:36,148.72
12-Jun-2017 20:27:36,148.72
12-Jun-2017 21:27:36,148.72
12-Jun-2017 22:27:36,145.83
12-Jun-2017 23:27:36,140.7
13-Jun-2017 00:27:36,136.53
13-Jun-2017 01:27:36,137.62
13-Jun-2017 02:27:36,133.78
13-Jun-2017 03:27:36,131.92
13-Jun-2017 04:27:36,133.97
13-Jun-2017 05:27:36,133.97
13-Jun-2017 06:27:36,133.97
13-Jun-2017 07:27:36,133.78
13-Jun-2017 08:27:36,133.78
13-Jun-2017 09:27:36,133.78
13-Jun-2017 10:27:36,128.91
13-Jun-2017 11:27:36,128.91
13-Jun-2017 12:27:36,128.91
13-Jun-2017 13:27:36,128.91
13-Jun-2017 14:27:36,128.91
13-Jun-2017 15:27:36,128.91
13-Jun-2017 16:27:36,122.88
13-Jun-2017 17:27:36,122.88
13-Jun-2017 18:27:36,122.88
13-Jun-2017 19:27:36,122.88
13-Jun-2017 20:27:36,122.88
13-Jun-2017 21:27:36,122.88
13-Jun-2017 22:27:36,122.88
13-Jun-2017 23:27:36,122.88
14-Jun-2017 00:27:36,129.03
14-Jun-2017 01:27:36,132.24
14-Jun-2017 02:27:36,132.24
14-Jun-2017 03:27:36,131.15
14-Jun-2017 04:27:36,131.15
14-Jun-2017 05:27:36,131.15
14-Jun-2017 06:27:36,130.9
14-Jun-2017 07:27:36,134.8
14-Jun-2017 08:27:36,134.8
14-Jun-2017 09:27:36,134.8
14-Jun-2017 10:27:36,134.8
14-Jun-2017 11:27:36,141.85
14-Jun-2017 12:27:36,141.15
14-Jun-2017 13:27:36,141.15
14-Jun-2017 14:27:36,141.15
14-Jun-2017 15:27:36,141.15
14-Jun-2017 16:27:36,142.11
14-Jun-2017 17:27:36,142.11
14-Jun-2017 18:27:36,142.11
14-Jun-2017 19:27:36,136.28
14-Jun-2017 20:27:36,132.24
14-Jun-2017 21:27:36,133.46
14-Jun-2017 22:27:36,132.88
14-Jun-2017 23:27:36,131.28
15-Jun-2017 00:27:36,131.28
15-Jun-2017 01:27:36,131.28
15-Jun-2017 02:27:36,135.26
15-Jun-2017 03:27:36,135.38
15-Jun-2017 04:27:36,135.38
15-Jun-2017 05:27:36,135.38
15-Jun-2017 06:27:36,135.31
15-Jun-2017 07:27:36,135.31
15-Jun-2017 08:27:36,136.02
15-Jun-2017 09:27:36,136.02
15-Jun-2017 10:27:36,140.06
15-Jun-2017 11:27:36,140.06
15-Jun-2017 12:27:36,143.01
15-Jun-2017 13:27:36,139.36
15-Jun-2017 14:27:36,138.58
15-Jun-2017 15:27:36,141.09
15-Jun-2017 16:27:36,145.32
15-Jun-2017 17:27:36,143.45
15-Jun-2017 18:27:36,145.38
15-Jun-2017 19:27:36,143.07
15-Jun-2017 20:27:36,143.07
15-Jun-2017 21:27:36,139.55
15-Jun-2017 22:27:36,139.04
15-Jun-2017 23:27:36,139.04
16-Jun-2017 00:27:36,138.65
16-Jun-2017 01:27:36,138.65
16-Jun-2017 02:27:36,141.22
16-Jun-2017 03:27:36,138.91
16-Jun-2017 04:27:36,139.29
16-Jun-2017 05:27:36,134.22
16-Jun-2017 06:27:36,136.98
16-Jun-2017 07:27:36,133.97
16-Jun-2017 08:27:36,135.26
16-Jun-2017 09:27:36,135.26
16-Jun-2017 10:27:36,134.17
16-Jun-2017 11:27:36,134.17
16-Jun-2017 12:27:36,134.17
16-Jun-2017 13:27:36,134.17
16-Jun-2017 14:27:36,135.77
16-Jun-2017 15:27:36,135.77
16-Jun-2017 16:27:36,135.77
16-Jun-2017 17:27:36,135.77
16-Jun-2017 18:27:36,135.77
16-Jun-2017 19:27:36,135.77
16-Jun-2017 20:27:36,135.77
16-Jun-2017 21:27:36,136.98
16-Jun-2017 22:27:36,136.98
16-Jun-2017 23:27:36,136.98
17-Jun-2017 00:27:36,137.37
17-Jun-2017 01:27:36,137.37
17-Jun-2017 02:27:36,137.37
17-Jun-2017 03:27:36,137.37
17-Jun-2017 04:27:36,139.16
17-Jun-2017 05:27:36,139.16
17-Jun-2017 06:27:36,139.16
17-Jun-2017 07:27:36,137.24
17-Jun-2017 08:27:36,137.24
17-Jun-2017 09:27:36,135.13
17-Jun-2017 10:27:36,138.52
17-Jun-2017 11:27:36,138.52
17-Jun-2017 12:27:36,138.52
17-Jun-2017 13:27:36,144.87
17-Jun-2017 14:27:36,144.87
17-Jun-2017 15:27:36,144.87
17-Jun-2017 16:27:36,143.07
17-Jun-2017 17:27:36,143.07
17-Jun-2017 18:27:36,146.66
17-Jun-2017 19:27:36,146.66
17-Jun-2017 20:27:36,145.06
17-Jun-2017 21:27:36,145.06
17-Jun-2017 22:27:36,145.06
17-Jun-2017 23:27:36,135.64
18-Jun-2017 00:27:36,135.64
18-Jun-2017 01:27:36,135.57
18-Jun-2017 02:27:36,136.98
18-Jun-2017 03:27:36,136.98
18-Jun-2017 04:27:36,136.98
18-Jun-2017 05:27:36,136.98
18-Jun-2017 06:27:36,136.98
18-Jun-2017 07:27:36,136.98
18-Jun-2017 08:27:36,136.98
18-Jun-2017 09:27:36,136.98
18-Jun-2017 10:27:36,133.2
18-Jun-2017 11:27:36,133.2
18-Jun-2017 12:27:36,133.2
18-Jun-2017 13:27:36,135.44
18-Jun-2017 14:27:36,135.44
18-Jun-2017 15:27:36,135.44
18-Jun-2017 16:27:36,136.66
18-Jun-2017 17:27:36,136.66
18-Jun-2017 18:27:36,136.15
18-Jun-2017 19:27:36,136.15
18-Jun-2017 20:27:36,136.15
18-Jun-2017 21:27:36,136.15
18-Jun-2017 22:27:36,136.15
18-Jun-2017 23:27:36,136.98
19-Jun-2017 00:27:36,136.98
19-Jun-2017 01:27:36,137.18
19-Jun-2017 02:27:36,135.64
19-Jun-2017 03:27:36,135.64
19-Jun-2017 04:27:36,135.64
19-Jun-2017 05:27:36,136.86
19-Jun-2017 06:27:36,136.86
19-Jun-2017 07:27:36,136.86
19-Jun-2017 08:27:36,127.69
19-Jun-2017 09:27:36,127.69
19-Jun-2017 10:27:36,127.69
19-Jun-2017 11:27:36,127.69
19-Jun-2017 12:27:36,127.69
19-Jun-2017 13:27:36,132.75
19-Jun-2017 14:27:36,131.73
19-Jun-2017 15:27:36,131.28
19-Jun-2017 16:27:36,131.28
19-Jun-2017 17:27:36,123.97
19-Jun-2017 18:27:36,123.97
19-Jun-2017 19:27:36,124.61
19-Jun-2017 20:27:36,123.85
19-Jun-2017 21:27:36,123.85
19-Jun-2017 22:27:36,123.85
19-Jun-2017 23:27:36,125.38
20-Jun-2017 00:27:36,125.38
20-Jun-2017 01:27:36,125.38
20-Jun-2017 02:27:36,127.43
20-Jun-2017 03:27:36,127.43
20-Jun-2017 04:27:36,127.43
20-Jun-2017 05:27:36,122.24
20-Jun-2017 06:27:36,122.24
20-Jun-2017 07:27:36,122.24
20-Jun-2017 08:27:36,123.07
20-Jun-2017 09:27:36,123.07
20-Jun-2017 10:27:36,128.2
20-Jun-2017 11:27:36,128.2
20-Jun-2017 12:27:36,128.2
20-Jun-2017 13:27:36,128.2
20-Jun-2017 14:27:36,127.24
20-Jun-2017 15:27:36,123.01
20-Jun-2017 16:27:36,119.87
20-Jun-2017 17:27:36,112.62
20-Jun-2017 18:27:36,113.2
20-Jun-2017 19:27:36,113.2
20-Jun-2017 20:27:36,113.2
20-Jun-2017 21:27:36,112.82
20-Jun-2017 22:27:36,112.82
20-Jun-2017 23:27:36,112.82
21-Jun-2017 00:27:36,112.82
21-Jun-2017 01:27:36,112.82
21-Jun-2017 02:27:36,112.82
21-Jun-2017 03:27:36,112.82
21-Jun-2017 04:27:36,112.82
21-Jun-2017 05:27:36,111.53
21-Jun-2017 06:27:36,111.53
21-Jun-2017 07:27:36,111.53
21-Jun-2017 08:27:36,111.53
21-Jun-2017 09:27:36,111.53
21-Jun-2017 10:27:36,113.71
21-Jun-2017 11:27:36,113.71
21-Jun-2017 12:27:36,113.71
21-Jun-2017 13:27:36,113.71
21-Jun-2017 14:27:36,117.69
21-Jun-2017 15:27:36,117.69
21-Jun-2017 16:27:36,117.69
21-Jun-2017 17:27:36,117.69
21-Jun-2017 18:27:36,117.69
21-Jun-2017 19:27:36,117.69
21-Jun-2017 20:27:36,117.69
21-Jun-2017 21:27:36,117.69
21-Jun-2017 22:27:36,119.62
21-Jun-2017 23:27:36,119.62
22-Jun-2017 00:27:36,119.62
22-Jun-2017 01:27:36,119.62
22-Jun-2017 02:27:36,119.62
22-Jun-2017 03:27:36,124.16
22-Jun-2017 04:27:36,124.16
22-Jun-2017 05:27:36,127.43
22-Jun-2017 06:27:36,127.43
22-Jun-2017 07:27:36,127.43
22-Jun-2017 08:27:36,127.43
22-Jun-2017 09:27:36,127.43
22-Jun-2017 10:27:36,127.94
22-Jun-2017 11:27:36,127.94
22-Jun-2017 12:27:36,127.94
22-Jun-2017 13:27:36,127.94
22-Jun-2017 14:27:36,127.94
22-Jun-2017 15:27:36,127.94
22-Jun-2017 16:27:36,132.17
22-Jun-2017 17:27:36,132.17
22-Jun-2017 18:27:36,131.28
22-Jun-2017 19:27:36,131.28
22-Jun-2017 20:27:36,131.28
22-Jun-2017 21:27:36,130.32
22-Jun-2017 22:27:36,130.32
22-Jun-2017 23:27:36,130.32
23-Jun-2017 00:27:36,128.59
23-Jun-2017 01:27:36,128.59
23-Jun-2017 02:27:36,133.46
23-Jun-2017 03:27:36,133.46
23-Jun-2017 04:27:36,133.46
23-Jun-2017 05:27:36,134.22
23-Jun-2017 06:27:36,134.1
23-Jun-2017 07:27:36,134.1
23-Jun-2017 08:27:36,131.02
23-Jun-2017 09:27:36,131.02
23-Jun-2017 10:27:36,138.07
23-Jun-2017 11:27:36,136.09
23-Jun-2017 12:27:36,136.09
23-Jun-2017 13:27:36,136.09
23-Jun-2017 14:27:36,141.02
23-Jun-2017 15:27:36,142.56
23-Jun-2017 16:27:36,144.42
23-Jun-2017 17:27:36,144.42
23-Jun-2017 18:27:36,142.31
23-Jun-2017 19:27:36,142.31
23-Jun-2017 20:27:36,141.85
23-Jun-2017 21:27:36,141.85
23-Jun-2017 22:27:36,140.32
23-Jun-2017 23:27:36,137.44
24-Jun-2017 00:27:36,136.47
24-Jun-2017 01:27:36,134.61
24-Jun-2017 02:27:36,133.91
24-Jun-2017 03:27:36,133.91
24-Jun-2017 04:27:36,135.51
24-Jun-2017 05:27:36,133.52
24-Jun-2017 06:27:36,131.86
24-Jun-2017 07:27:36,131.66
24-Jun-2017 08:27:36,129.68
24-Jun-2017 09:27:36,129.68
24-Jun-2017 10:27:36,134.74
24-Jun-2017 11:27:36,134.74
24-Jun-2017 12:27:36,137.05
24-Jun-2017 13:27:36,137.05
24-Jun-2017 14:27:36,136.86
24-Jun-2017 15:27:36,136.86
24-Jun-2017 16:27:36,136.86
24-Jun-2017 17:27:36,137.05
24-Jun-2017 18:27:36,138.97
24-Jun-2017 19:27:36,138.97
24-Jun-2017 20:27:36,137.05
24-Jun-2017 21:27:36,137.05
24-Jun-2017 22:27:36,137.05
24-Jun-2017 23:27:36,139.16
25-Jun-2017 00:27:36,139.16
25-Jun-2017 01:27:36,135.13
25-Jun-2017 02:27:36,135.13
25-Jun-2017 03:27:36,134.61
25-Jun-2017 04:27:36,133.78
25-Jun-2017 05:27:36,133.52
25-Jun-2017 06:27:36,133.52
25-Jun-2017 07:27:36,129.61
25-Jun-2017 08:27:36,128.39
25-Jun-2017 09:27:36,133.08
25-Jun-2017 10:27:36,129.87
25-Jun-2017 11:27:36,131.47
25-Jun-2017 12:27:36,129.55
25-Jun-2017 13:27:36,132.88
25-Jun-2017 14:27:36,133.39
25-Jun-2017 15:27:36,132.88
25-Jun-2017 16:27:36,134.17
25-Jun-2017 17:27:36,136.79
25-Jun-2017 18:27:36,136.79
25-Jun-2017 19:27:36,136.79
25-Jun-2017 20:27:36,136.47
25-Jun-2017 21:27:36,136.47
25-Jun-2017 22:27:36,136.79
25-Jun-2017 23:27:36,134.42
26-Jun-2017 00:27:36,131.21
26-Jun-2017 01:27:36,127.11
26-Jun-2017 02:27:36,129.1
26-Jun-2017 03:27:36,131.08
26-Jun-2017 04:27:36,128.07
26-Jun-2017 05:27:36,131.66
26-Jun-2017 06:27:36,131.66
26-Jun-2017 07:27:36,130.19
26-Jun-2017 08:27:36,131.28
26-Jun-2017 09:27:36,131.28
26-Jun-2017 10:27:36,134.42
26-Jun-2017 11:27:36,134.42
26-Jun-2017 12:27:36,132.05
26-Jun-2017 13:27:36,131.34
26-Jun-2017 14:27:36,132.37
26-Jun-2017 15:27:36,133.01
26-Jun-2017 16:27:36,132.37
26-Jun-2017 17:27:36,134.29
26-Jun-2017 18:27:36,133.97
26-Jun-2017 19:27:36,126.15
26-Jun-2017 20:27:36,128.97
26-Jun-2017 21:27:36,128.97
26-Jun-2017 22:27:36,128.97
26-Jun-2017 23:27:36,124.81
27-Jun-2017 00:27:36,130.57
27-Jun-2017 01:27:36,122.76
27-Jun-2017 02:27:36,122.76
27-Jun-2017 03:27:36,127.24
27-Jun-2017 04:27:36,127.24
27-Jun-2017 05:27:36,125.58
27-Jun-2017 06:27:36,126.92
27-Jun-2017 07:27:36,126.66
27-Jun-2017 08:27:36,126.66
27-Jun-2017 09:27:36,125.77
27-Jun-2017 10:27:36,125.77
27-Jun-2017 11:27:36,125.32
27-Jun-2017 12:27:36,125.32
27-Jun-2017 13:27:36,125.32
27-Jun-2017 14:27:36,125.32
27-Jun-2017 15:27:36,125.32
27-Jun-2017 16:27:36,125.32
27-Jun-2017 17:27:36,131.34
27-Jun-2017 18:27:36,131.34
27-Jun-2017 19:27:36,133.01
27-Jun-2017 20:27:36,133.01
27-Jun-2017 21:27:36,135
27-Jun-2017 22:27:36,135
27-Jun-2017 23:27:36,135
28-Jun-2017 00:27:36,132.62
28-Jun-2017 01:27:36,132.62
28-Jun-2017 02:27:36,132.62
28-Jun-2017 03:27:36,132.62
28-Jun-2017 04:27:36,129.29
28-Jun-2017 05:27:36,128.84
28-Jun-2017 06:27:36,131.34
28-Jun-2017 07:27:36,133.26
28-Jun-2017 08:27:36,133.26
28-Jun-2017 09:27:36,133.26
28-Jun-2017 10:27:36,135.7
28-Jun-2017 11:27:36,135.7
28-Jun-2017 12:27:36,135.7
28-Jun-2017 13:27:36,135.7
28-Jun-2017 14:27:36,134.42
28-Jun-2017 15:27:36,136.53
28-Jun-2017 16:27:36,141.73
28-Jun-2017 17:27:36,141.09
28-Jun-2017 18:27:36,143.58
28-Jun-2017 19:27:36,143.2
28-Jun-2017 20:27:36,141.02
28-Jun-2017 21:27:36,141.02
28-Jun-2017 22:27:36,142.69
28-Jun-2017 23:27:36,141.09
29-Jun-2017 00:27:36,139.74
29-Jun-2017 01:27:36,138.46
29-Jun-2017 02:27:36,134.17
29-Jun-2017 03:27:36,134.17
29-Jun-2017 04:27:36,137.24
29-Jun-2017 05:27:36,137.24
29-Jun-2017 06:27:36,137.18
29-Jun-2017 07:27:36,137.18
29-Jun-2017 08:27:36,135.26
29-Jun-2017 09:27:36,135.26
29-Jun-2017 10:27:36,135.96
29-Jun-2017 11:27:36,135.96
29-Jun-2017 12:27:36,137.56
29-Jun-2017 13:27:36,137.56
29-Jun-2017 14:27:36,141.28
29-Jun-2017 15:27:36,139.67
29-Jun-2017 16:27:36,140.7
29-Jun-2017 17:27:36,140.89
29-Jun-2017 18:27:36,140.64
29-Jun-2017 19:27:36,139.61
29-Jun-2017 20:27:36,139.61
29-Jun-2017 21:27:36,136.4
29-Jun-2017 22:27:36,136.4
29-Jun-2017 23:27:36,134.87
30-Jun-2017 00:27:36,132.37
30-Jun-2017 01:27:36,133.33
30-Jun-2017 02:27:36,135.77
30-Jun-2017 03:27:36,133.14
30-Jun-2017 04:27:36,132.95
30-Jun-2017 05:27:36,132.95
30-Jun-2017 06:27:36,128.84
30-Jun-2017 07:27:36,132.82
30-Jun-2017 08:27:36,132.82
30-Jun-2017 09:27:36,132.82
30-Jun-2017 10:27:36,132.88
30-Jun-2017 11:27:36,132.88
30-Jun-2017 12:27:36,136.79
30-Jun-2017 13:27:36,129.16
30-Jun-2017 14:27:36,135.96
30-Jun-2017 15:27:36,131.34
30-Jun-2017 16:27:36,131.34
30-Jun-2017 17:27:36,136.66
30-Jun-2017 18:27:36,133.2
30-Jun-2017 19:27:36,136.47
30-Jun-2017 20:27:36,136.02
30-Jun-2017 21:27:36,136.02
30-Jun-2017 22:27:36,136.02
30-Jun-2017 23:27:36,135.26
01-Jul-2017 00:27:36,135.26
01-Jul-2017 01:27:36,135.77
01-Jul-2017 02:27:36,135.77
01-Jul-2017 03:27:36,135.77
01-Jul-2017 04:27:36,135.77
01-Jul-2017 05:27:36,135.77
01-Jul-2017 06:27:36,137.69
01-Jul-2017 07:27:36,138.46
01-Jul-2017 08:27:36,138.46
01-Jul-2017 09:27:36,136.47
01-Jul-2017 10:27:36,136.47
01-Jul-2017 11:27:36,136.47
01-Jul-2017 12:27:36,130.57
01-Jul-2017 13:27:36,130.57
01-Jul-2017 14:27:36,134.93
01-Jul-2017 15:27:36,131.28
01-Jul-2017 16:27:36,136.09
01-Jul-2017 17:27:36,136.09
01-Jul-2017 18:27:36,138.84
01-Jul-2017 19:27:36,136.53
01-Jul-2017 20:27:36,138.78
01-Jul-2017 21:27:36,137.37
01-Jul-2017 22:27:36,137.37
01-Jul-2017 23:27:36,136.28
02-Jul-2017 00:27:36,133.33
02-Jul-2017 01:27:36,135.44
02-Jul-2017 02:27:36,136.15
02-Jul-2017 03:27:36,136.35
02-Jul-2017 04:27:36,137.44
02-Jul-2017 05:27:36,133.84
02-Jul-2017 06:27:36,128.91
02-Jul-2017 07:27:36,132.5
02-Jul-2017 08:27:36,132.5
02-Jul-2017 09:27:36,134.1
02-Jul-2017 10:27:36,134.1
02-Jul-2017 11:27:36,134.1
02-Jul-2017 12:27:36,132.82
02-Jul-2017 13:27:36,132.82
02-Jul-2017 14:27:36,132.82
02-Jul-2017 15:27:36,137.82
02-Jul-2017 16:27:36,138.78
02-Jul-2017 17:27:36,138.78
02-Jul-2017 18:27:36,138.78
02-Jul-2017 19:27:36,132.17
02-Jul-2017 20:27:36,132.17
02-Jul-2017 21:27:36,133.65
02-Jul-2017 22:27:36,133.65
02-Jul-2017 23:27:36,133.65
03-Jul-2017 00:27:36,133.65
03-Jul-2017 01:27:36,134.1
03-Jul-2017 02:27:36,135.89
03-Jul-2017 03:27:36,135.89
03-Jul-2017 04:27:36,137.37
03-Jul-2017 05:27:36,137.37
03-Jul-2017 06:27:36,139.1
03-Jul-2017 07:27:36,129.16
03-Jul-2017 08:27:36,129.16
03-Jul-2017 09:27:36,129.16
03-Jul-2017 10:27:36,129.16
03-Jul-2017 11:27:36,125.51
03-Jul-2017 12:27:36,125.51
03-Jul-2017 13:27:36,125.51
03-Jul-2017 14:27:36,125.51
03-Jul-2017 15:27:36,125.51
03-Jul-2017 16:27:36,125.51
03-Jul-2017 17:27:36,125.51
03-Jul-2017 18:27:36,126.73
03-Jul-2017 19:27:36,133.78
03-Jul-2017 20:27:36,132.5
03-Jul-2017 21:27:36,133.39
03-Jul-2017 22:27:36,134.17
03-Jul-2017 23:27:36,134.04
04-Jul-2017 00:27:36,134.04
04-Jul-2017 01:27:36,134.04
04-Jul-2017 02:27:36,138.07
04-Jul-2017 03:27:36,139.61
04-Jul-2017 04:27:36,139.61
04-Jul-2017 05:27:36,139.61
04-Jul-2017 06:27:36,139.61
04-Jul-2017 07:27:36,139.61
04-Jul-2017 08:27:36,139.61
04-Jul-2017 09:27:36,139.61
04-Jul-2017 10:27:36,139.61
04-Jul-2017 11:27:36,139.61
04-Jul-2017 12:27:36,139.61
04-Jul-2017 13:27:36,139.61
04-Jul-2017 14:27:36,139.61
04-Jul-2017 15:27:36,139.61
04-Jul-2017 16:27:36,139.61
04-Jul-2017 17:27:36,139.61
04-Jul-2017 18:27:36,139.61
04-Jul-2017 19:27:36,139.61
04-Jul-2017 20:27:36,139.61
04-Jul-2017 21:27:36,139.61
04-Jul-2017 22:27:36,139.61
04-Jul-2017 23:27:36,139.61
05-Jul-2017 00:27:36,139.61
05-Jul-2017 01:27:36,139.61
05-Jul-2017 02:27:36,139.61
05-Jul-2017 03:27:36,121.73
05-Jul-2017 04:27:36,120.25
05-Jul-2017 05:27:36,120.25
05-Jul-2017 06:27:36,120.25
05-Jul-2017 07:27:36,120.25
05-Jul-2017 08:27:36,120.25
05-Jul-2017 09:27:36,121.02
05-Jul-2017 10:27:36,121.02
05-Jul-2017 11:27:36,121.02
05-Jul-2017 12:27:36,121.02
05-Jul-2017 13:27:36,125.06
05-Jul-2017 14:27:36,125.06
05-Jul-2017 15:27:36,125.06
05-Jul-2017 16:27:36,125.06
05-Jul-2017 17:27:36,125.06
05-Jul-2017 18:27:36,126.21
05-Jul-2017 19:27:36,126.21
05-Jul-2017 20:27:36,126.21
05-Jul-2017 21:27:36,126.21
05-Jul-2017 22:27:36,126.21
05-Jul-2017 23:27:36,124.36
06-Jul-2017 00:27:36,124.36
06-Jul-2017 01:27:36,124.94
06-Jul-2017 02:27:36,124.94
06-Jul-2017 03:27:36,124.94
06-Jul-2017 04:27:36,122.18
06-Jul-2017 05:27:36,124.36
06-Jul-2017 06:27:36,123.52
06-Jul-2017 07:27:36,123.52
06-Jul-2017 08:27:36,123.85
06-Jul-2017 09:27:36,124.42
06-Jul-2017 10:27:36,121.15
06-Jul-2017 11:27:36,121.15
06-Jul-2017 12:27:36,129.29
06-Jul-2017 13:27:36,129.29
06-Jul-2017 14:27:36,132.88
06-Jul-2017 15:27:36,132.88
06-Jul-2017 16:27:36,132.88
06-Jul-2017 17:27:36,132.88
06-Jul-2017 18:27:36,132.88
06-Jul-2017 19:27:36,132.88
06-Jul-2017 20:27:36,143.07
06-Jul-2017 21:27:36,143.07
06-Jul-2017 22:27:36,143.07
06-Jul-2017 23:27:36,143.07
07-Jul-2017 00:27:36,143.07
07-Jul-2017 01:27:36,143.07
07-Jul-2017 02:27:36,141.28
07-Jul-2017 03:27:36,134.93
07-Jul-2017 04:27:36,134.93
07-Jul-2017 05:27:36,134.22
07-Jul-2017 06:27:36,131.47
07-Jul-2017 07:27:36,131.47
07-Jul-2017 08:27:36,134.87
07-Jul-2017 09:27:36,134.87
07-Jul-2017 10:27:36,134.87
07-Jul-2017 11:27:36,129.93
07-Jul-2017 12:27:36,129.93
07-Jul-2017 13:27:36,132.3
07-Jul-2017 14:27:36,128.46
07-Jul-2017 15:27:36,136.53
07-Jul-2017 16:27:36,137.44
07-Jul-2017 17:27:36,138.97
07-Jul-2017 18:27:36,140.19
07-Jul-2017 19:27:36,140.19
07-Jul-2017 20:27:36,134.74
07-Jul-2017 21:27:36,132.62
07-Jul-2017 22:27:36,132.62
07-Jul-2017 23:27:36,133.08
08-Jul-2017 00:27:36,133.08
08-Jul-2017 01:27:36,133.08
08-Jul-2017 02:27:36,136.79
08-Jul-2017 03:27:36,135.57
08-Jul-2017 04:27:36,135
08-Jul-2017 05:27:36,135.96
08-Jul-2017 06:27:36,136.28
08-Jul-2017 07:27:36,134.48
08-Jul-2017 08:27:36,134.17
08-Jul-2017 09:27:36,131.34
08-Jul-2017 10:27:36,132.88
08-Jul-2017 11:27:36,132.88
08-Jul-2017 12:27:36,132.88
08-Jul-2017 13:27:36,129.42
08-Jul-2017 14:27:36,132.43
08-Jul-2017 15:27:36,132.43
08-Jul-2017 16:27:36,132.43
08-Jul-2017 17:27:36,133.26
08-Jul-2017 18:27:36,133.26
08-Jul-2017 19:27:36,133.26
08-Jul-2017 20:27:36,133.26
08-Jul-2017 21:27:36,132.11
08-Jul-2017 22:27:36,132.11
08-Jul-2017 23:27:36,129.55
09-Jul-2017 00:27:36,129.55
09-Jul-2017 01:27:36,126.47
09-Jul-2017 02:27:36,126.47
09-Jul-2017 03:27:36,129.48
09-Jul-2017 04:27:36,129.48
09-Jul-2017 05:27:36,129.48
09-Jul-2017 06:27:36,129.68
09-Jul-2017 07:27:36,129.68
09-Jul-2017 08:27:36,133.33
09-Jul-2017 09:27:36,133.78
09-Jul-2017 10:27:36,133.78
09-Jul-2017 11:27:36,138.14
09-Jul-2017 12:27:36,138.14
09-Jul-2017 13:27:36,138.14
09-Jul-2017 14:27:36,140.64
09-Jul-2017 15:27:36,140.64
09-Jul-2017 16:27:36,140.64
09-Jul-2017 17:27:36,140.64
09-Jul-2017 18:27:36,143.71
09-Jul-2017 19:27:36,143.71
09-Jul-2017 20:27:36,143.71
09-Jul-2017 21:27:36,137.88
09-Jul-2017 22:27:36,133.71
09-Jul-2017 23:27:36,133.71
10-Jul-2017 00:27:36,133.26
10-Jul-2017 01:27:36,133.26
10-Jul-2017 02:27:36,133.26
10-Jul-2017 03:27:36,133.01
10-Jul-2017 04:27:36,133.01
10-Jul-2017 05:27:36,133.65
10-Jul-2017 06:27:36,133.65
10-Jul-2017 07:27:36,129.23
10-Jul-2017 08:27:36,132.75
10-Jul-2017 09:27:36,132.24
10-Jul-2017 10:27:36,131.08
10-Jul-2017 11:27:36,131.08
10-Jul-2017 12:27:36,136.86
10-Jul-2017 13:27:36,136.47
10-Jul-2017 14:27:36,136.28
10-Jul-2017 15:27:36,138.97
10-Jul-2017 16:27:36,138.97
10-Jul-2017 17:27:36,138.97
10-Jul-2017 18:27:36,137.69
10-Jul-2017 19:27:36,137.69
10-Jul-2017 20:27:36,135.7
10-Jul-2017 21:27:36,135.7
10-Jul-2017 22:27:36,135.7
10-Jul-2017 23:27:36,137.95
11-Jul-2017 00:27:36,137.95
11-Jul-2017 01:27:36,131.92
11-Jul-2017 02:27:36,133.2
11-Jul-2017 03:27:36,133.2
11-Jul-2017 04:27:36,133.2
11-Jul-2017 05:27:36,133.33
11-Jul-2017 06:27:36,133.33
11-Jul-2017 07:27:36,130.9
11-Jul-2017 08:27:36,130.9
11-Jul-2017 09:27:36,127.43
11-Jul-2017 10:27:36,127.43
11-Jul-2017 11:27:36,127.43
11-Jul-2017 12:27:36,127.43
11-Jul-2017 13:27:36,127.43
11-Jul-2017 14:27:36,123.78
11-Jul-2017 15:27:36,124.42
11-Jul-2017 16:27:36,124.42
11-Jul-2017 17:27:36,124.42
11-Jul-2017 18:27:36,124.42
11-Jul-2017 19:27:36,129.16
11-Jul-2017 20:27:36,129.16
11-Jul-2017 21:27:36,129.16
11-Jul-2017 22:27:36,129.16
11-Jul-2017 23:27:36,129.16
12-Jul-2017 00:27:36,129.16
12-Jul-2017 01:27:36,129.16
12-Jul-2017 02:27:36,129.16
12-Jul-2017 03:27:36,130.57
12-Jul-2017 04:27:36,130.57
12-Jul-2017 05:27:36,136.98
12-Jul-2017 06:27:36,136.15
12-Jul-2017 07:27:36,135.7
12-Jul-2017 08:27:36,135.44
12-Jul-2017 09:27:36,134.93
12-Jul-2017 10:27:36,133.65
12-Jul-2017 11:27:36,135.64
12-Jul-2017 12:27:36,134.29
12-Jul-2017 13:27:36,133.08
12-Jul-2017 14:27:36,132.05
12-Jul-2017 15:27:36,135.51
12-Jul-2017 16:27:36,135.51
12-Jul-2017 17:27:36,136.79
12-Jul-2017 18:27:36,136.79
12-Jul-2017 19:27:36,136.79
12-Jul-2017 20:27:36,137.05
12-Jul-2017 21:27:36,137.05
12-Jul-2017 22:27:36,137.05
12-Jul-2017 23:27:36,137.05
13-Jul-2017 00:27:36,137.24
13-Jul-2017 01:27:36,137.24
13-Jul-2017 02:27:36,138.78
13-Jul-2017 03:27:36,138.78
13-Jul-2017 04:27:36,138.78
13-Jul-2017 05:27:36,135.77
13-Jul-2017 06:27:36,135.77
13-Jul-2017 07:27:36,135.77
13-Jul-2017 08:27:36,134.87
13-Jul-2017 09:27:36,135.57
13-Jul-2017 10:27:36,133.71
13-Jul-2017 11:27:36,133.71
13-Jul-2017 12:27:36,135.38
13-Jul-2017 13:27:36,135.38
13-Jul-2017 14:27:36,135.38
13-Jul-2017 15:27:36,135.38
13-Jul-2017 16:27:36,135.38
13-Jul-2017 17:27:36,140.76
13-Jul-2017 18:27:36,140.76
13-Jul-2017 19:27:36,137.82
13-Jul-2017 20:27:36,137.82
13-Jul-2017 21:27:36,137.82
13-Jul-2017 22:27:36,136.35
13-Jul-2017 23:27:36,136.35
14-Jul-2017 00:27:36,134.74
14-Jul-2017 01:27:36,134.74
14-Jul-2017 02:27:36,134.74
14-Jul-2017 03:27:36,135.51
14-Jul-2017 04:27:36,134.8
14-Jul-2017 05:27:36,135.38
14-Jul-2017 06:27:36,135.38
14-Jul-2017 07:27:36,136.09
14-Jul-2017 08:27:36,135.06
14-Jul-2017 09:27:36,135.06
14-Jul-2017 10:27:36,134.04
14-Jul-2017 11:27:36,134.04
14-Jul-2017 12:27:36,132.24
14-Jul-2017 13:27:36,132.75
14-Jul-2017 14:27:36,132.75
14-Jul-2017 15:27:36,132.75
14-Jul-2017 16:27:36,132.75
14-Jul-2017 17:27:36,132.75
14-Jul-2017 18:27:36,132.75
14-Jul-2017 19:27:36,132.75
14-Jul-2017 20:27:36,130.57
14-Jul-2017 21:27:36,136.79
14-Jul-2017 22:27:36,139.04
14-Jul-2017 23:27:36,137.88
15-Jul-2017 00:27:36,137.88
15-Jul-2017 01:27:36,136.22
15-Jul-2017 02:27:36,136.35
15-Jul-2017 03:27:36,135.89
15-Jul-2017 04:27:36,137.05
15-Jul-2017 05:27:36,133.97
15-Jul-2017 06:27:36,132.75
15-Jul-2017 07:27:36,130.7
15-Jul-2017 08:27:36,130.7
15-Jul-2017 09:27:36,128.72
15-Jul-2017 10:27:36,132.56
15-Jul-2017 11:27:36,132.56
15-Jul-2017 12:27:36,136.09
15-Jul-2017 13:27:36,136.09
15-Jul-2017 14:27:36,132.69
15-Jul-2017 15:27:36,135.13
15-Jul-2017 16:27:36,135.13
15-Jul-2017 17:27:36,139.55
15-Jul-2017 18:27:36,139.42
15-Jul-2017 19:27:36,139.42
15-Jul-2017 20:27:36,139.42
15-Jul-2017 21:27:36,139.36
15-Jul-2017 22:27:36,139.36
15-Jul-2017 23:27:36,139.36
16-Jul-2017 00:27:36,134.35
16-Jul-2017 01:27:36,136.47
16-Jul-2017 02:27:36,136.47
16-Jul-2017 03:27:36,136.47
16-Jul-2017 04:27:36,135.13
16-Jul-2017 05:27:36,134.22
16-Jul-2017 06:27:36,134.68
16-Jul-2017 07:27:36,134.68
16-Jul-2017 08:27:36,127.88
16-Jul-2017 09:27:36,127.88
16-Jul-2017 10:27:36,127.43
16-Jul-2017 11:27:36,127.11
16-Jul-2017 12:27:36,128.91
16-Jul-2017 13:27:36,129.16
16-Jul-2017 14:27:36,129.16
16-Jul-2017 15:27:36,126.34
16-Jul-2017 16:27:36,126.34
16-Jul-2017 17:27:36,126.66
16-Jul-2017 18:27:36,126.66
16-Jul-2017 19:27:36,126.66
16-Jul-2017 20:27:36,134.35
16-Jul-2017 21:27:36,134.42
16-Jul-2017 22:27:36,134.42
16-Jul-2017 23:27:36,137.69
17-Jul-2017 00:27:36,138.65
17-Jul-2017 01:27:36,135
17-Jul-2017 02:27:36,135
17-Jul-2017 03:27:36,137.31
17-Jul-2017 04:27:36,137.31
17-Jul-2017 05:27:36,133.52
17-Jul-2017 06:27:36,132.69
17-Jul-2017 07:27:36,135.38
17-Jul-2017 08:27:36,133.52
17-Jul-2017 09:27:36,131.53
17-Jul-2017 10:27:36,134.55
17-Jul-2017 11:27:36,134.74
17-Jul-2017 12:27:36,136.86
17-Jul-2017 13:27:36,138.52
17-Jul-2017 14:27:36,136.98
17-Jul-2017 15:27:36,138.01
17-Jul-2017 16:27:36,134.93
17-Jul-2017 17:27:36,134.93
17-Jul-2017 18:27:36,137.75
17-Jul-2017 19:27:36,137.75
17-Jul-2017 20:27:36,136.86
17-Jul-2017 21:27:36,136.86
17-Jul-2017 22:27:36,132.37
17-Jul-2017 23:27:36,132.37
18-Jul-2017 00:27:36,133.14
18-Jul-2017 01:27:36,132.05
18-Jul-2017 02:27:36,130.32
18-Jul-2017 03:27:36,130.32
18-Jul-2017 04:27:36,132.43
18-Jul-2017 05:27:36,131.21
18-Jul-2017 06:27:36,133.26
18-Jul-2017 07:27:36,132.05
18-Jul-2017 08:27:36,132.05
18-Jul-2017 09:27:36,128.46
18-Jul-2017 10:27:36,127.56
18-Jul-2017 11:27:36,128.2
18-Jul-2017 12:27:36,128.2
18-Jul-2017 13:27:36,132.43
18-Jul-2017 14:27:36,132.43
18-Jul-2017 15:27:36,132.43
18-Jul-2017 16:27:36,135.57
18-Jul-2017 17:27:36,135.57
18-Jul-2017 18:27:36,135.57
18-Jul-2017 19:27:36,135.57
18-Jul-2017 20:27:36,135.57
18-Jul-2017 21:27:36,135.57
18-Jul-2017 22:27:36,134.17
18-Jul-2017 23:27:36,134.17
19-Jul-2017 00:27:36,134.17
19-Jul-2017 01:27:36,131.28
19-Jul-2017 02:27:36,131.28
19-Jul-2017 03:27:36,136.35
19-Jul-2017 04:27:36,136.35
19-Jul-2017 05:27:36,136.35
19-Jul-2017 06:27:36,137.62
19-Jul-2017 07:27:36,137.62
19-Jul-2017 08:27:36,137.62
19-Jul-2017 09:27:36,140.7
19-Jul-2017 10:27:36,140.57
19-Jul-2017 11:27:36,138.07
19-Jul-2017 12:27:36,139.93
19-Jul-2017 13:27:36,141.02
19-Jul-2017 14:27:36,138.97
19-Jul-2017 15:27:36,136.35
19-Jul-2017 16:27:36,136.35
19-Jul-2017 17:27:36,136.35
19-Jul-2017 18:27:36,137.82
19-Jul-2017 19:27:36,137.82
19-Jul-2017 20:27:36,141.85
19-Jul-2017 21:27:36,141.6
19-Jul-2017 22:27:36,143.14
19-Jul-2017 23:27:36,141.47
20-Jul-2017 00:27:36,138.71
20-Jul-2017 01:27:36,138.71
20-Jul-2017 02:27:36,138.71
20-Jul-2017 03:27:36,136.98
20-Jul-2017 04:27:36,136.98
20-Jul-2017 05:27:36,136.4
20-Jul-2017 06:27:36,134.68
20-Jul-2017 07:27:36,134.74
20-Jul-2017 08:27:36,134.74
20-Jul-2017 09:27:36,133.97
20-Jul-2017 10:27:36,133.97
20-Jul-2017 11:27:36,133.97
20-Jul-2017 12:27:36,135.26
20-Jul-2017 13:27:36,138.52
20-Jul-2017 14:27:36,138.52
20-Jul-2017 15:27:36,138.52
20-Jul-2017 16:27:36,138.52
20-Jul-2017 17:27:36,138.52
20-Jul-2017 18:27:36,138.52
20-Jul-2017 19:27:36,134.22
20-Jul-2017 20:27:36,134.22
20-Jul-2017 21:27:36,134.22
20-Jul-2017 22:27:36,134.22
20-Jul-2017 23:27:36,134.22
21-Jul-2017 00:27:36,134.22
21-Jul-2017 01:27:36,132.43
21-Jul-2017 02:27:36,132.43
21-Jul-2017 03:27:36,132.43
21-Jul-2017 04:27:36,134.29
21-Jul-2017 05:27:36,134.29
21-Jul-2017 06:27:36,134.29
21-Jul-2017 07:27:36,127.88
21-Jul-2017 08:27:36,132.69
21-Jul-2017 09:27:36,133.71
21-Jul-2017 10:27:36,133.71
21-Jul-2017 11:27:36,130.38
21-Jul-2017 12:27:36,130.38
21-Jul-2017 13:27:36,134.93
21-Jul-2017 14:27:36,134.93
21-Jul-2017 15:27:36,135.19
21-Jul-2017 16:27:36,137.24
21-Jul-2017 17:27:36,137.24
21-Jul-2017 18:27:36,140.06
21-Jul-2017 19:27:36,140.06
21-Jul-2017 20:27:36,140.64
21-Jul-2017 21:27:36,136.09
21-Jul-2017 22:27:36,136.66
21-Jul-2017 23:27:36,133.97
22-Jul-2017 00:27:36,133.97
22-Jul-2017 01:27:36,133.97
22-Jul-2017 02:27:36,133.97
22-Jul-2017 03:27:36,133.97
22-Jul-2017 04:27:36,131.21
22-Jul-2017 05:27:36,131.21
22-Jul-2017 06:27:36,131.21
22-Jul-2017 07:27:36,132.3
22-Jul-2017 08:27:36,132.3
22-Jul-2017 09:27:36,126.98
22-Jul-2017 10:27:36,129.81
22-Jul-2017 11:27:36,129.81
22-Jul-2017 12:27:36,133.84
22-Jul-2017 13:27:36,133.84
22-Jul-2017 14:27:36,131.86
22-Jul-2017 15:27:36,137.05
22-Jul-2017 16:27:36,137.05
22-Jul-2017 17:27:36,137.05
22-Jul-2017 18:27:36,137.05
22-Jul-2017 19:27:36,137.44
22-Jul-2017 20:27:36,137.44
22-Jul-2017 21:27:36,137.11
22-Jul-2017 22:27:36,137.11
22-Jul-2017 23:27:36,137.75
23-Jul-2017 00:27:36,135.19
23-Jul-2017 01:27:36,134.8
23-Jul-2017 02:27:36,134.8
23-Jul-2017 03:27:36,132.05
23-Jul-2017 04:27:36,132.88
23-Jul-2017 05:27:36,132.88
23-Jul-2017 06:27:36,132.88
23-Jul-2017 07:27:36,132.88
23-Jul-2017 08:27:36,132.88
23-Jul-2017 09:27:36,132.88
23-Jul-2017 10:27:36,130.57
23-Jul-2017 11:27:36,130.57
23-Jul-2017 12:27:36,131.15
23-Jul-2017 13:27:36,134.1
23-Jul-2017 14:27:36,134.1
23-Jul-2017 15:27:36,137.11
23-Jul-2017 16:27:36,137.11
23-Jul-2017 17:27:36,138.01
23-Jul-2017 18:27:36,138.27
23-Jul-2017 19:27:36,134.68
23-Jul-2017 20:27:36,135.7
23-Jul-2017 21:27:36,132.24
23-Jul-2017 22:27:36,132.24
23-Jul-2017 23:27:36,132.24
24-Jul-2017 00:27:36,134.22
24-Jul-2017 01:27:36,131.28
24-Jul-2017 02:27:36,129.87
24-Jul-2017 03:27:36,129.87
24-Jul-2017 04:27:36,126.92
24-Jul-2017 05:27:36,126.92
24-Jul-2017 06:27:36,126.92
24-Jul-2017 07:27:36,128.72
24-Jul-2017 08:27:36,126.92
24-Jul-2017 09:27:36,129.87
24-Jul-2017 10:27:36,128.78
24-Jul-2017 11:27:36,133.46
24-Jul-2017 12:27:36,129.42
24-Jul-2017 13:27:36,132.56
24-Jul-2017 14:27:36,130.32
24-Jul-2017 15:27:36,132.43
24-Jul-2017 16:27:36,127.56
24-Jul-2017 17:27:36,127.88
24-Jul-2017 18:27:36,130.57
24-Jul-2017 19:27:36,128.27
24-Jul-2017 20:27:36,128.27
24-Jul-2017 21:27:36,128.27
24-Jul-2017 22:27:36,124.49
24-Jul-2017 23:27:36,132.05
25-Jul-2017 00:27:36,132.43
25-Jul-2017 01:27:36,132.05
25-Jul-2017 02:27:36,132.05
25-Jul-2017 03:27:36,132.05
25-Jul-2017 04:27:36,129.61
25-Jul-2017 05:27:36,126.41
25-Jul-2017 06:27:36,127.94
25-Jul-2017 07:27:36,125.25
25-Jul-2017 08:27:36,125.25
25-Jul-2017 09:27:36,124.68
25-Jul-2017 10:27:36,124.68
25-Jul-2017 11:27:36,124.68
25-Jul-2017 12:27:36,124.68
25-Jul-2017 13:27:36,124.68
25-Jul-2017 14:27:36,124.68
25-Jul-2017 15:27:36,124.68
25-Jul-2017 16:27:36,131.34
25-Jul-2017 17:27:36,131.34
25-Jul-2017 18:27:36,131.34
25-Jul-2017 19:27:36,132.88
25-Jul-2017 20:27:36,132.5
25-Jul-2017 21:27:36,132.5
25-Jul-2017 22:27:36,131.02
25-Jul-2017 23:27:36,131.02
26-Jul-2017 00:27:36,131.02
26-Jul-2017 01:27:36,130.19
26-Jul-2017 02:27:36,130.19
26-Jul-2017 03:27:36,129.93
26-Jul-2017 04:27:36,129.93
26-Jul-2017 05:27:36,128.46
26-Jul-2017 06:27:36,128.46
26-Jul-2017 07:27:36,130.38
26-Jul-2017 08:27:36,130.38
26-Jul-2017 09:27:36,131.41
26-Jul-2017 10:27:36,131.41
26-Jul-2017 11:27:36,131.41
26-Jul-2017 12:27:36,133.33
26-Jul-2017 13:27:36,136.15
26-Jul-2017 14:27:36,136.15
26-Jul-2017 15:27:36,136.15
26-Jul-2017 16:27:36,138.4
26-Jul-2017 17:27:36,139.42
26-Jul-2017 18:27:36,139.42
26-Jul-2017 19:27:36,134.55
26-Jul-2017 20:27:36,134.55
26-Jul-2017 21:27:36,134.55
26-Jul-2017 22:27:36,134.55
26-Jul-2017 23:27:36,134.55
27-Jul-2017 00:27:36,134.55
27-Jul-2017 01:27:36,134.55
27-Jul-2017 02:27:36,130.19
27-Jul-2017 03:27:36,128.33
27-Jul-2017 04:27:36,130.32
27-Jul-2017 05:27:36,130.32
27-Jul-2017 06:27:36,130.32
27-Jul-2017 07:27:36,130.32
27-Jul-2017 08:27:36,126.98
27-Jul-2017 09:27:36,132.69
27-Jul-2017 10:27:36,129.16
27-Jul-2017 11:27:36,130.44
27-Jul-2017 12:27:36,134.55
27-Jul-2017 13:27:36,134.55
27-Jul-2017 14:27:36,134.87
27-Jul-2017 15:27:36,133.97
27-Jul-2017 16:27:36,130.96
27-Jul-2017 17:27:36,128.59
27-Jul-2017 18:27:36,130.06
27-Jul-2017 19:27:36,128.07
27-Jul-2017 20:27:36,131.6
27-Jul-2017 21:27:36,129.03
27-Jul-2017 22:27:36,129.03
27-Jul-2017 23:27:36,130.57
28-Jul-2017 00:27:36,129.68
28-Jul-2017 01:27:36,129.55
28-Jul-2017 02:27:36,129.55
28-Jul-2017 03:27:36,129.61
28-Jul-2017 04:27:36,129.61
28-Jul-2017 05:27:36,135.77
28-Jul-2017 06:27:36,130.83
28-Jul-2017 07:27:36,130.83
28-Jul-2017 08:27:36,136.15
28-Jul-2017 09:27:36,132.24
28-Jul-2017 10:27:36,132.24
28-Jul-2017 11:27:36,127.11
28-Jul-2017 12:27:36,127.11
28-Jul-2017 13:27:36,127.56
28-Jul-2017 14:27:36,127.56
28-Jul-2017 15:27:36,125.12
28-Jul-2017 16:27:36,125.12
28-Jul-2017 17:27:36,123.14
28-Jul-2017 18:27:36,123.14
28-Jul-2017 19:27:36,123.14
28-Jul-2017 20:27:36,123.14
28-Jul-2017 21:27:36,123.14
28-Jul-2017 22:27:36,123.14
28-Jul-2017 23:27:36,123.14
29-Jul-2017 00:27:36,123.14
29-Jul-2017 01:27:36,123.14
29-Jul-2017 02:27:36,123.14
29-Jul-2017 03:27:36,123.14
29-Jul-2017 04:27:36,123.14
29-Jul-2017 05:27:36,123.14
29-Jul-2017 06:27:36,123.14
29-Jul-2017 07:27:36,123.14
29-Jul-2017 08:27:36,123.14
29-Jul-2017 09:27:36,123.14
29-Jul-2017 10:27:36,123.14
29-Jul-2017 11:27:36,123.14
29-Jul-2017 12:27:36,123.14
29-Jul-2017 13:27:36,123.14
29-Jul-2017 14:27:36,123.14
29-Jul-2017 15:27:36,123.14
29-Jul-2017 16:27:36,123.14
29-Jul-2017 17:27:36,123.14
29-Jul-2017 18:27:36,123.14
29-Jul-2017 19:27:36,123.14
29-Jul-2017 20:27:36,123.14
29-Jul-2017 21:27:36,123.14
29-Jul-2017 22:27:36,123.14
29-Jul-2017 23:27:36,123.14
30-Jul-2017 00:27:36,123.14
30-Jul-2017 01:27:36,123.14
30-Jul-2017 02:27:36,123.14
30-Jul-2017 03:27:36,123.14
30-Jul-2017 04:27:36,123.14
30-Jul-2017 05:27:36,123.14
30-Jul-2017 06:27:36,123.14
30-Jul-2017 07:27:36,123.14
30-Jul-2017 08:27:36,123.14
30-Jul-2017 09:27:36,123.14
30-Jul-2017 10:27:36,123.14
30-Jul-2017 11:27:36,123.14
30-Jul-2017 12:27:36,123.14
30-Jul-2017 13:27:36,123.14
30-Jul-2017 14:27:36,123.14
30-Jul-2017 15:27:36,123.14
30-Jul-2017 16:27:36,123.14
30-Jul-2017 17:27:36,123.14
30-Jul-2017 18:27:36,123.14
30-Jul-2017 19:27:36,123.14
30-Jul-2017 20:27:36,123.14
30-Jul-2017 21:27:36,123.14
30-Jul-2017 22:27:36,123.14
30-Jul-2017 23:27:36,123.14
31-Jul-2017 00:27:36,123.14
31-Jul-2017 01:27:36,123.14
31-Jul-2017 02:27:36,123.14
31-Jul-2017 03:27:36,123.14
31-Jul-2017 04:27:36,123.14
31-Jul-2017 05:27:36,123.14
31-Jul-2017 06:27:36,123.14
31-Jul-2017 07:27:36,123.14
31-Jul-2017 08:27:36,123.14
31-Jul-2017 09:27:36,123.14
31-Jul-2017 10:27:36,123.14
31-Jul-2017 11:27:36,123.14
31-Jul-2017 12:27:36,123.14
31-Jul-2017 13:27:36,123.14
31-Jul-2017 14:27:36,123.14
31-Jul-2017 15:27:36,123.14
31-Jul-2017 16:27:36,123.14
31-Jul-2017 17:27:36,123.14
31-Jul-2017 18:27:36,123.14
31-Jul-2017 19:27:36,123.14
31-Jul-2017 20:27:36,123.14
31-Jul-2017 21:27:36,123.14
31-Jul-2017 22:27:36,123.14
31-Jul-2017 23:27:36,123.14
01-Aug-2017 00:27:36,123.14
01-Aug-2017 01:27:36,128.78
01-Aug-2017 02:27:36,128.78
01-Aug-2017 03:27:36,128.78
01-Aug-2017 04:27:36,128.78
01-Aug-2017 05:27:36,128.78
01-Aug-2017 06:27:36,127.11
01-Aug-2017 07:27:36,127.56
01-Aug-2017 08:27:36,127.56
01-Aug-2017 09:27:36,123.14
01-Aug-2017 10:27:36,123.14
01-Aug-2017 11:27:36,123.14
01-Aug-2017 12:27:36,123.14
01-Aug-2017 13:27:36,123.14
01-Aug-2017 14:27:36,123.14
01-Aug-2017 15:27:36,123.14
01-Aug-2017 16:27:36,126.98
01-Aug-2017 17:27:36,128.39
01-Aug-2017 18:27:36,128.39
01-Aug-2017 19:27:36,128.39
01-Aug-2017 20:27:36,126.41
01-Aug-2017 21:27:36,126.41
01-Aug-2017 22:27:36,126.41
01-Aug-2017 23:27:36,126.41
02-Aug-2017 00:27:36,126.41
02-Aug-2017 01:27:36,126.41
02-Aug-2017 02:27:36,126.41
02-Aug-2017 03:27:36,126.41
02-Aug-2017 04:27:36,122.94
02-Aug-2017 05:27:36,122.94
02-Aug-2017 06:27:36,122.94
02-Aug-2017 07:27:36,122.94
02-Aug-2017 08:27:36,127.24
02-Aug-2017 09:27:36,127.24
02-Aug-2017 10:27:36,127.24
02-Aug-2017 11:27:36,131.28
02-Aug-2017 12:27:36,131.28
02-Aug-2017 13:27:36,131.28
02-Aug-2017 14:27:36,134.61
02-Aug-2017 15:27:36,134.61
02-Aug-2017 16:27:36,134.61
02-Aug-2017 17:27:36,138.33
02-Aug-2017 18:27:36,138.33
02-Aug-2017 19:27:36,141.02
02-Aug-2017 20:27:36,141.02
02-Aug-2017 21:27:36,138.01
02-Aug-2017 22:27:36,139.8
02-Aug-2017 23:27:36,139.8
03-Aug-2017 00:27:36,140.06
03-Aug-2017 01:27:36,139.55
03-Aug-2017 02:27:36,138.52
03-Aug-2017 03:27:36,140.19
03-Aug-2017 04:27:36,140.19
03-Aug-2017 05:27:36,140.19
03-Aug-2017 06:27:36,138.4
03-Aug-2017 07:27:36,134.8
03-Aug-2017 08:27:36,134.93
03-Aug-2017 09:27:36,136.86
03-Aug-2017 10:27:36,136.66
03-Aug-2017 11:27:36,136.66
03-Aug-2017 12:27:36,139.23
03-Aug-2017 13:27:36,139.23
03-Aug-2017 14:27:36,138.65
03-Aug-2017 15:27:36,138.65
03-Aug-2017 16:27:36,138.65
03-Aug-2017 17:27:36,140.96
03-Aug-2017 18:27:36,140.96
03-Aug-2017 19:27:36,138.65
03-Aug-2017 20:27:36,137.62
03-Aug-2017 21:27:36,132.05
03-Aug-2017 22:27:36,132.88
03-Aug-2017 23:27:36,132.88
04-Aug-2017 00:27:36,134.04
04-Aug-2017 01:27:36,133.78
04-Aug-2017 02:27:36,133.78
04-Aug-2017 03:27:36,130.38
04-Aug-2017 04:27:36,132.88
04-Aug-2017 05:27:36,130.7
04-Aug-2017 06:27:36,129.68
04-Aug-2017 07:27:36,129.48
04-Aug-2017 08:27:36,131.92
04-Aug-2017 09:27:36,131.28
04-Aug-2017 10:27:36,129.16
04-Aug-2017 11:27:36,131.15
04-Aug-2017 12:27:36,132.11
04-Aug-2017 13:27:36,132.11
04-Aug-2017 14:27:36,130.32
04-Aug-2017 15:27:36,129.48
04-Aug-2017 16:27:36,127.88
04-Aug-2017 17:27:36,127.88
04-Aug-2017 18:27:36,128.07
04-Aug-2017 19:27:36,128.07
04-Aug-2017 20:27:36,130.32
04-Aug-2017 21:27:36,126.02
04-Aug-2017 22:27:36,128.72
04-Aug-2017 23:27:36,128.72
05-Aug-2017 00:27:36,128.72
05-Aug-2017 01:27:36,130.38
05-Aug-2017 02:27:36,130.38
05-Aug-2017 03:27:36,130.38
05-Aug-2017 04:27:36,130.38
05-Aug-2017 05:27:36,131.86
05-Aug-2017 06:27:36,131.86
05-Aug-2017 07:27:36,132.3
05-Aug-2017 08:27:36,130.77
05-Aug-2017 09:27:36,130.19
05-Aug-2017 10:27:36,129.99
05-Aug-2017 11:27:36,129.99
05-Aug-2017 12:27:36,132.82
05-Aug-2017 13:27:36,132.82
05-Aug-2017 14:27:36,134.1
05-Aug-2017 15:27:36,134.1
05-Aug-2017 16:27:36,134.1
05-Aug-2017 17:27:36,134.1
05-Aug-2017 18:27:36,134.1
05-Aug-2017 19:27:36,137.18
05-Aug-2017 20:27:36,137.18
05-Aug-2017 21:27:36,132.82
05-Aug-2017 22:27:36,132.82
05-Aug-2017 23:27:36,131.28
06-Aug-2017 00:27:36,131.28
06-Aug-2017 01:27:36,130.32
06-Aug-2017 02:27:36,130.32
06-Aug-2017 03:27:36,129.93
06-Aug-2017 04:27:36,130.57
06-Aug-2017 05:27:36,129.36
06-Aug-2017 06:27:36,129.36
06-Aug-2017 07:27:36,129.99
06-Aug-2017 08:27:36,129.99
06-Aug-2017 09:27:36,131.47
06-Aug-2017 10:27:36,131.47
06-Aug-2017 11:27:36,131.02
06-Aug-2017 12:27:36,131.02
06-Aug-2017 13:27:36,131.02
06-Aug-2017 14:27:36,131.02
06-Aug-2017 15:27:36,133.52
06-Aug-2017 16:27:36,133.52
06-Aug-2017 17:27:36,133.52
06-Aug-2017 18:27:36,133.52
06-Aug-2017 19:27:36,135.64
06-Aug-2017 20:27:36,134.74
06-Aug-2017 21:27:36,132.24
06-Aug-2017 22:27:36,129.16
06-Aug-2017 23:27:36,129.16
07-Aug-2017 00:27:36,128.46
07-Aug-2017 01:27:36,128.52
07-Aug-2017 02:27:36,128.52
07-Aug-2017 03:27:36,127.43
07-Aug-2017 04:27:36,127.43
07-Aug-2017 05:27:36,127.43
07-Aug-2017 06:27:36,133.46
07-Aug-2017 07:27:36,133.52
07-Aug-2017 08:27:36,136.66
07-Aug-2017 09:27:36,136.66
07-Aug-2017 10:27:36,137.37
07-Aug-2017 11:27:36,133.2
07-Aug-2017 12:27:36,133.84
07-Aug-2017 13:27:36,131.92
07-Aug-2017 14:27:36,134.48
07-Aug-2017 15:27:36,130.51
07-Aug-2017 16:27:36,135.06
07-Aug-2017 17:27:36,135.06
07-Aug-2017 18:27:36,130.83
07-Aug-2017 19:27:36,130.57
07-Aug-2017 20:27:36,132.43
07-Aug-2017 21:27:36,132.43
07-Aug-2017 22:27:36,132.43
07-Aug-2017 23:27:36,129.36
08-Aug-2017 00:27:36,131.08
08-Aug-2017 01:27:36,129.68
08-Aug-2017 02:27:36,134.17
08-Aug-2017 03:27:36,135.44
08-Aug-2017 04:27:36,135.13
08-Aug-2017 05:27:36,132.05
08-Aug-2017 06:27:36,131.34
08-Aug-2017 07:27:36,130.32
08-Aug-2017 08:27:36,130.32
08-Aug-2017 09:27:36,125.96
08-Aug-2017 10:27:36,125.96
08-Aug-2017 11:27:36,121.73
08-Aug-2017 12:27:36,121.73
08-Aug-2017 13:27:36,121.73
08-Aug-2017 14:27:36,121.73
08-Aug-2017 15:27:36,121.73
08-Aug-2017 16:27:36,121.73
08-Aug-2017 17:27:36,121.73
08-Aug-2017 18:27:36,121.73
08-Aug-2017 19:27:36,120.45
08-Aug-2017 20:27:36,120.45
08-Aug-2017 21:27:36,120.45
08-Aug-2017 22:27:36,122.88
08-Aug-2017 23:27:36,122.88
09-Aug-2017 00:27:36,122.88
09-Aug-2017 01:27:36,122.88
09-Aug-2017 02:27:36,120.13
09-Aug-2017 03:27:36,120.13
09-Aug-2017 04:27:36,120.13
09-Aug-2017 05:27:36,122.18
09-Aug-2017 06:27:36,122.18
09-Aug-2017 07:27:36,122.18
09-Aug-2017 08:27:36,124.16
09-Aug-2017 09:27:36,124.16
09-Aug-2017 10:27:36,125.12
09-Aug-2017 11:27:36,125.12
09-Aug-2017 12:27:36,130.96
09-Aug-2017 13:27:36,132.82
09-Aug-2017 14:27:36,131.79
09-Aug-2017 15:27:36,133.91
09-Aug-2017 16:27:36,133.91
09-Aug-2017 17:27:36,134.29
09-Aug-2017 18:27:36,133.65
09-Aug-2017 19:27:36,132.75
09-Aug-2017 20:27:36,132.75
09-Aug-2017 21:27:36,133.78
09-Aug-2017 22:27:36,133.78
09-Aug-2017 23:27:36,133.78
10-Aug-2017 00:27:36,131.28
10-Aug-2017 01:27:36,131.28
10-Aug-2017 02:27:36,131.28
10-Aug-2017 03:27:36,131.28
10-Aug-2017 04:27:36,127.82
10-Aug-2017 05:27:36,127.82
10-Aug-2017 06:27:36,127.63
10-Aug-2017 07:27:36,127.63
10-Aug-2017 08:27:36,127.63
10-Aug-2017 09:27:36,128.2
10-Aug-2017 10:27:36,128.2
10-Aug-2017 11:27:36,128.2
10-Aug-2017 12:27:36,135.77
10-Aug-2017 13:27:36,135.77
10-Aug-2017 14:27:36,133.01
10-Aug-2017 15:27:36,133.01
10-Aug-2017 16:27:36,133.01
10-Aug-2017 17:27:36,137.95
10-Aug-2017 18:27:36,137.18
10-Aug-2017 19:27:36,137.18
10-Aug-2017 20:27:36,134.42
10-Aug-2017 21:27:36,131.92
10-Aug-2017 22:27:36,129.23
10-Aug-2017 23:27:36,129.23
11-Aug-2017 00:27:36,133.01
11-Aug-2017 01:27:36,129.99
11-Aug-2017 02:27:36,129.99
11-Aug-2017 03:27:36,128.39
11-Aug-2017 04:27:36,128.46
11-Aug-2017 05:27:36,128.46
11-Aug-2017 06:27:36,128.59
11-Aug-2017 07:27:36,128.59
11-Aug-2017 08:27:36,126.28
11-Aug-2017 09:27:36,126.28
11-Aug-2017 10:27:36,126.28
11-Aug-2017 11:27:36,126.28
11-Aug-2017 12:27:36,132.5
11-Aug-2017 13:27:36,131.47
11-Aug-2017 14:27:36,133.71
11-Aug-2017 15:27:36,131.15
11-Aug-2017 16:27:36,130.9
11-Aug-2017 17:27:36,129.99
11-Aug-2017 18:27:36,127.3
11-Aug-2017 19:27:36,128.97
11-Aug-2017 20:27:36,128.97
11-Aug-2017 21:27:36,128.97
11-Aug-2017 22:27:36,126.15
11-Aug-2017 23:27:36,126.66
12-Aug-2017 00:27:36,125.64
12-Aug-2017 01:27:36,125.96
12-Aug-2017 02:27:36,126.73
12-Aug-2017 03:27:36,126.73
12-Aug-2017 04:27:36,125.19
12-Aug-2017 05:27:36,125.19
12-Aug-2017 06:27:36,125.19
12-Aug-2017 07:27:36,125
12-Aug-2017 08:27:36,121.92
12-Aug-2017 09:27:36,121.92
12-Aug-2017 10:27:36,121.92
12-Aug-2017 11:27:36,121.73
12-Aug-2017 12:27:36,121.73
12-Aug-2017 13:27:36,121.73
12-Aug-2017 14:27:36,122.5
12-Aug-2017 15:27:36,122.5
12-Aug-2017 16:27:36,123.27
12-Aug-2017 17:27:36,122.56
12-Aug-2017 18:27:36,129.1
12-Aug-2017 19:27:36,124.68
12-Aug-2017 20:27:36,124.68
12-Aug-2017 21:27:36,124.81
12-Aug-2017 22:27:36,127.82
12-Aug-2017 23:27:36,129.16
13-Aug-2017 00:27:36,127.5
13-Aug-2017 01:27:36,127.5
13-Aug-2017 02:27:36,128.27
13-Aug-2017 03:27:36,128.65
13-Aug-2017 04:27:36,123.59
13-Aug-2017 05:27:36,123.59
13-Aug-2017 06:27:36,123.59
13-Aug-2017 07:27:36,123.59
13-Aug-2017 08:27:36,123.59
13-Aug-2017 09:27:36,123.59
13-Aug-2017 10:27:36,123.59
13-Aug-2017 11:27:36,123.59
13-Aug-2017 12:27:36,123.59
13-Aug-2017 13:27:36,123.59
13-Aug-2017 14:27:36,123.59
13-Aug-2017 15:27:36,123.59
13-Aug-2017 16:27:36,123.59
13-Aug-2017 17:27:36,123.59
13-Aug-2017 18:27:36,123.59
13-Aug-2017 19:27:36,123.59
13-Aug-2017 20:27:36,123.59
13-Aug-2017 21:27:36,123.59
13-Aug-2017 22:27:36,123.59
13-Aug-2017 23:27:36,123.59
14-Aug-2017 00:27:36,123.59
14-Aug-2017 01:27:36,123.59
14-Aug-2017 02:27:36,123.59
14-Aug-2017 03:27:36,123.59
14-Aug-2017 04:27:36,123.59
14-Aug-2017 05:27:36,123.59
14-Aug-2017 06:27:36,123.59
14-Aug-2017 07:27:36,123.59
14-Aug-2017 08:27:36,123.59
14-Aug-2017 09:27:36,123.59
14-Aug-2017 10:27:36,123.59
14-Aug-2017 11:27:36,123.59
14-Aug-2017 12:27:36,123.59
14-Aug-2017 13:27:36,123.59
14-Aug-2017 14:27:36,127.11
14-Aug-2017 15:27:36,128.01
14-Aug-2017 16:27:36,128.01
14-Aug-2017 17:27:36,128.01
14-Aug-2017 18:27:36,128.01
14-Aug-2017 19:27:36,128.01
14-Aug-2017 20:27:36,128.01
14-Aug-2017 21:27:36,127.43
14-Aug-2017 22:27:36,127.43
14-Aug-2017 23:27:36,127.43
15-Aug-2017 00:27:36,124.55
15-Aug-2017 01:27:36,124.55
15-Aug-2017 02:27:36,124.55
15-Aug-2017 03:27:36,124.55
15-Aug-2017 04:27:36,124.55
15-Aug-2017 05:27:36,127.69
15-Aug-2017 06:27:36,128.39
15-Aug-2017 07:27:36,128.39
15-Aug-2017 08:27:36,129.61
15-Aug-2017 09:27:36,126.34
15-Aug-2017 10:27:36,126.34
15-Aug-2017 11:27:36,132.3
15-Aug-2017 12:27:36,132.3
15-Aug-2017 13:27:36,132.3
15-Aug-2017 14:27:36,124.81
15-Aug-2017 15:27:36,124.61
15-Aug-2017 16:27:36,124.61
15-Aug-2017 17:27:36,124.61
15-Aug-2017 18:27:36,120.58
15-Aug-2017 19:27:36,125.77
15-Aug-2017 20:27:36,128.84
15-Aug-2017 21:27:36,128.78
15-Aug-2017 22:27:36,129.99
15-Aug-2017 23:27:36,130.44
16-Aug-2017 00:27:36,130.57
16-Aug-2017 01:27:36,133.91
16-Aug-2017 02:27:36,133.91
16-Aug-2017 03:27:36,131.73
16-Aug-2017 04:27:36,130.06
16-Aug-2017 05:27:36,129.55
16-Aug-2017 06:27:36,129.55
16-Aug-2017 07:27:36,131.47
16-Aug-2017 08:27:36,131.47
16-Aug-2017 09:27:36,126.66
16-Aug-2017 10:27:36,126.66
16-Aug-2017 11:27:36,129.61
16-Aug-2017 12:27:36,126.73
16-Aug-2017 13:27:36,133.91
16-Aug-2017 14:27:36,132.24
16-Aug-2017 15:27:36,132.24
16-Aug-2017 16:27:36,132.24
16-Aug-2017 17:27:36,136.47
16-Aug-2017 18:27:36,136.47
16-Aug-2017 19:27:36,136.47
16-Aug-2017 20:27:36,136.47
16-Aug-2017 21:27:36,136.47
16-Aug-2017 22:27:36,135.57
16-Aug-2017 23:27:36,135.57
17-Aug-2017 00:27:36,135.57
17-Aug-2017 01:27:36,135.57
17-Aug-2017 02:27:36,135.57
17-Aug-2017 03:27:36,137.24
17-Aug-2017 04:27:36,137.24
17-Aug-2017 05:27:36,137.24
17-Aug-2017 06:27:36,135.31
17-Aug-2017 07:27:36,134.93
17-Aug-2017 08:27:36,134.93
17-Aug-2017 09:27:36,134.93
17-Aug-2017 10:27:36,132.11
17-Aug-2017 11:27:36,132.11
17-Aug-2017 12:27:36,132.11
17-Aug-2017 13:27:36,132.75
17-Aug-2017 14:27:36,132.75
17-Aug-2017 15:27:36,132.75
17-Aug-2017 16:27:36,132.75
17-Aug-2017 17:27:36,137.56
17-Aug-2017 18:27:36,136.47
17-Aug-2017 19:27:36,136.47
17-Aug-2017 20:27:36,136.47
17-Aug-2017 21:27:36,136.47
17-Aug-2017 22:27:36,135.44
17-Aug-2017 23:27:36,134.8
18-Aug-2017 00:27:36,134.8
18-Aug-2017 01:27:36,134.8
18-Aug-2017 02:27:36,135.38
18-Aug-2017 03:27:36,135.38
18-Aug-2017 04:27:36,135.38
18-Aug-2017 05:27:36,135.38
18-Aug-2017 06:27:36,129.61
18-Aug-2017 07:27:36,129.99
18-Aug-2017 08:27:36,129.99
18-Aug-2017 09:27:36,129.99
18-Aug-2017 10:27:36,128.78
18-Aug-2017 11:27:36,129.48
18-Aug-2017 12:27:36,131.6
18-Aug-2017 13:27:36,126.28
18-Aug-2017 14:27:36,126.28
18-Aug-2017 15:27:36,130.38
18-Aug-2017 16:27:36,132.69
18-Aug-2017 17:27:36,132.95
18-Aug-2017 18:27:36,132.95
18-Aug-2017 19:27:36,132.95
18-Aug-2017 20:27:36,133.08
18-Aug-2017 21:27:36,131.92
18-Aug-2017 22:27:36,131.92
18-Aug-2017 23:27:36,131.92
19-Aug-2017 00:27:36,127.43
19-Aug-2017 01:27:36,124.87
19-Aug-2017 02:27:36,124.87
19-Aug-2017 03:27:36,123.46
19-Aug-2017 04:27:36,120.76
19-Aug-2017 05:27:36,122.76
19-Aug-2017 06:27:36,123.01
19-Aug-2017 07:27:36,123.91
19-Aug-2017 08:27:36,124.81
19-Aug-2017 09:27:36,124.81
19-Aug-2017 10:27:36,126.54
19-Aug-2017 11:27:36,129.23
19-Aug-2017 12:27:36,127.11
19-Aug-2017 13:27:36,127.11
19-Aug-2017 14:27:36,132.24
19-Aug-2017 15:27:36,134.35
19-Aug-2017 16:27:36,134.35
19-Aug-2017 17:27:36,134.35
19-Aug-2017 18:27:36,135.06
19-Aug-2017 19:27:36,133.91
19-Aug-2017 20:27:36,133.91
19-Aug-2017 21:27:36,127.43
19-Aug-2017 22:27:36,127.43
19-Aug-2017 23:27:36,127.43
20-Aug-2017 00:27:36,127.43
20-Aug-2017 01:27:36,124.81
20-Aug-2017 02:27:36,124.81
20-Aug-2017 03:27:36,120.64
20-Aug-2017 04:27:36,120.71
20-Aug-2017 05:27:36,122.56
20-Aug-2017 06:27:36,124.68
20-Aug-2017 07:27:36,124.68
20-Aug-2017 08:27:36,125.32
20-Aug-2017 09:27:36,125.32
20-Aug-2017 10:27:36,125.32
20-Aug-2017 11:27:36,134.55
20-Aug-2017 12:27:36,134.55
20-Aug-2017 13:27:36,134.55
20-Aug-2017 14:27:36,134.87
20-Aug-2017 15:27:36,138.4
20-Aug-2017 16:27:36,139.23
20-Aug-2017 17:27:36,139.23
20-Aug-2017 18:27:36,139.23
20-Aug-2017 19:27:36,134.35
20-Aug-2017 20:27:36,134.35
20-Aug-2017 21:27:36,134.35
20-Aug-2017 22:27:36,134.48
20-Aug-2017 23:27:36,131.47
21-Aug-2017 00:27:36,131.47
21-Aug-2017 01:27:36,131.99
21-Aug-2017 02:27:36,132.37
21-Aug-2017 03:27:36,129.48
21-Aug-2017 04:27:36,127.5
21-Aug-2017 05:27:36,127.5
21-Aug-2017 06:27:36,127.5
21-Aug-2017 07:27:36,127.82
21-Aug-2017 08:27:36,127.11
21-Aug-2017 09:27:36,127.11
21-Aug-2017 10:27:36,133.01
21-Aug-2017 11:27:36,133.01
21-Aug-2017 12:27:36,134.48
21-Aug-2017 13:27:36,135.96
21-Aug-2017 14:27:36,135.96
21-Aug-2017 15:27:36,134.55
21-Aug-2017 16:27:36,135.64
21-Aug-2017 17:27:36,135.51
21-Aug-2017 18:27:36,135.51
21-Aug-2017 19:27:36,135.51
21-Aug-2017 20:27:36,136.09
21-Aug-2017 21:27:36,132.82
21-Aug-2017 22:27:36,132.82
21-Aug-2017 23:27:36,132.82
22-Aug-2017 00:27:36,133.65
22-Aug-2017 01:27:36,132.05
22-Aug-2017 02:27:36,131.73
22-Aug-2017 03:27:36,130.51
22-Aug-2017 04:27:36,131.41
22-Aug-2017 05:27:36,131.21
22-Aug-2017 06:27:36,131.21
22-Aug-2017 07:27:36,128.72
22-Aug-2017 08:27:36,128.72
22-Aug-2017 09:27:36,128.72
22-Aug-2017 10:27:36,128.72
22-Aug-2017 11:27:36,128.72
22-Aug-2017 12:27:36,122.18
22-Aug-2017 13:27:36,122.18
22-Aug-2017 14:27:36,122.18
22-Aug-2017 15:27:36,122.18
22-Aug-2017 16:27:36,122.18
22-Aug-2017 17:27:36,119.67
22-Aug-2017 18:27:36,119.67
22-Aug-2017 19:27:36,119.67
22-Aug-2017 20:27:36,120.38
22-Aug-2017 21:27:36,120.38
22-Aug-2017 22:27:36,120.38
22-Aug-2017 23:27:36,120.38
23-Aug-2017 00:27:36,122.94
23-Aug-2017 01:27:36,122.94
23-Aug-2017 02:27:36,122.94
23-Aug-2017 03:27:36,122.94
23-Aug-2017 04:27:36,121.28
23-Aug-2017 05:27:36,123.33
23-Aug-2017 06:27:36,123.33
23-Aug-2017 07:27:36,121.15
23-Aug-2017 08:27:36,121.15
23-Aug-2017 09:27:36,121.15
23-Aug-2017 10:27:36,121.41
23-Aug-2017 11:27:36,123.52
23-Aug-2017 12:27:36,125.32
23-Aug-2017 13:27:36,126.41
23-Aug-2017 14:27:36,126.41
23-Aug-2017 15:27:36,124.42
23-Aug-2017 16:27:36,125.64
23-Aug-2017 17:27:36,125.64
23-Aug-2017 18:27:36,125.64
23-Aug-2017 19:27:36,128.01
23-Aug-2017 20:27:36,128.01
23-Aug-2017 21:27:36,128.01
23-Aug-2017 22:27:36,127.24
23-Aug-2017 23:27:36,124.42
24-Aug-2017 00:27:36,124.42
24-Aug-2017 01:27:36,124.42
24-Aug-2017 02:27:36,123.85
24-Aug-2017 03:27:36,123.85
24-Aug-2017 04:27:36,120.96
24-Aug-2017 05:27:36,120
24-Aug-2017 06:27:36,122.82
24-Aug-2017 07:27:36,121.8
24-Aug-2017 08:27:36,120.89
24-Aug-2017 09:27:36,125.32
24-Aug-2017 10:27:36,125.77
24-Aug-2017 11:27:36,128.01
24-Aug-2017 12:27:36,126.21
24-Aug-2017 13:27:36,124.42
24-Aug-2017 14:27:36,127.82
24-Aug-2017 15:27:36,127.82
24-Aug-2017 16:27:36,128.72
24-Aug-2017 17:27:36,128.72
24-Aug-2017 18:27:36,126.09
24-Aug-2017 19:27:36,126.09
24-Aug-2017 20:27:36,126.09
24-Aug-2017 21:27:36,126.09
24-Aug-2017 22:27:36,125.77
24-Aug-2017 23:27:36,124.49
25-Aug-2017 00:27:36,124.49
25-Aug-2017 01:27:36,127.3
25-Aug-2017 02:27:36,127.24
25-Aug-2017 03:27:36,122.63
25-Aug-2017 04:27:36,123.14
25-Aug-2017 05:27:36,121.02
25-Aug-2017 06:27:36,119.8
25-Aug-2017 07:27:36,119.8
25-Aug-2017 08:27:36,119.74
25-Aug-2017 09:27:36,121.92
25-Aug-2017 10:27:36,123.65
25-Aug-2017 11:27:36,123.78
25-Aug-2017 12:27:36,123.78
25-Aug-2017 13:27:36,125.77
25-Aug-2017 14:27:36,127.43
25-Aug-2017 15:27:36,127.43
25-Aug-2017 16:27:36,127.43
25-Aug-2017 17:27:36,127.43
25-Aug-2017 18:27:36,127.43
25-Aug-2017 19:27:36,127.43
25-Aug-2017 20:27:36,128.46
25-Aug-2017 21:27:36,128.46
25-Aug-2017 22:27:36,128.46
25-Aug-2017 23:27:36,128.46
26-Aug-2017 00:27:36,128.46
26-Aug-2017 01:27:36,128.46
26-Aug-2017 02:27:36,126.41
26-Aug-2017 03:27:36,126.41
26-Aug-2017 04:27:36,126.41
26-Aug-2017 05:27:36,126.41
26-Aug-2017 06:27:36,126.41
26-Aug-2017 07:27:36,126.41
26-Aug-2017 08:27:36,124.87
26-Aug-2017 09:27:36,124.87
26-Aug-2017 10:27:36,126.86
26-Aug-2017 11:27:36,126.86
26-Aug-2017 12:27:36,127.43
26-Aug-2017 13:27:36,127.43
26-Aug-2017 14:27:36,130.25
26-Aug-2017 15:27:36,130.51
26-Aug-2017 16:27:36,130.51
26-Aug-2017 17:27:36,130.51
26-Aug-2017 18:27:36,130.32
26-Aug-2017 19:27:36,130.32
26-Aug-2017 20:27:36,130.32
26-Aug-2017 21:27:36,129.61
26-Aug-2017 22:27:36,127.56
26-Aug-2017 23:27:36,127.56
27-Aug-2017 00:27:36,125.12
27-Aug-2017 01:27:36,125.12
27-Aug-2017 02:27:36,125.12
27-Aug-2017 03:27:36,124.55
27-Aug-2017 04:27:36,124.55
27-Aug-2017 05:27:36,124.55
27-Aug-2017 06:27:36,125.32
27-Aug-2017 07:27:36,124.16
27-Aug-2017 08:27:36,125.32
27-Aug-2017 09:27:36,125.06
27-Aug-2017 10:27:36,124.68
27-Aug-2017 11:27:36,124.36
27-Aug-2017 12:27:36,124.36
27-Aug-2017 13:27:36,127.43
27-Aug-2017 14:27:36,127.94
27-Aug-2017 15:27:36,129.29
27-Aug-2017 16:27:36,129.61
27-Aug-2017 17:27:36,129.61
27-Aug-2017 18:27:36,130.64
27-Aug-2017 19:27:36,130.7
27-Aug-2017 20:27:36,130.7
27-Aug-2017 21:27:36,130.7
27-Aug-2017 22:27:36,128.07
27-Aug-2017 23:27:36,128.07
28-Aug-2017 00:27:36,125.25
28-Aug-2017 01:27:36,123.46
28-Aug-2017 02:27:36,126.6
28-Aug-2017 03:27:36,126.6
28-Aug-2017 04:27:36,126.41
28-Aug-2017 05:27:36,125.19
28-Aug-2017 06:27:36,125.19
28-Aug-2017 07:27:36,122.18
28-Aug-2017 08:27:36,124.16
28-Aug-2017 09:27:36,122.37
28-Aug-2017 10:27:36,122.63
28-Aug-2017 11:27:36,123.97
28-Aug-2017 12:27:36,128.33
28-Aug-2017 13:27:36,128.33
28-Aug-2017 14:27:36,129.42
28-Aug-2017 15:27:36,129.42
28-Aug-2017 16:27:36,128.27
28-Aug-2017 17:27:36,129.99
28-Aug-2017 18:27:36,127.56
28-Aug-2017 19:27:36,127.43
28-Aug-2017 20:27:36,127.43
28-Aug-2017 21:27:36,129.23
28-Aug-2017 22:27:36,127.75
28-Aug-2017 23:27:36,127.75
29-Aug-2017 00:27:36,127.75
29-Aug-2017 01:27:36,128.52
29-Aug-2017 02:27:36,126.41
29-Aug-2017 03:27:36,127.75
29-Aug-2017 04:27:36,126.09
29-Aug-2017 05:27:36,125.38
29-Aug-2017 06:27:36,126.41
29-Aug-2017 07:27:36,124.81
29-Aug-2017 08:27:36,119.36
29-Aug-2017 09:27:36,118.71
29-Aug-2017 10:27:36,118.71
29-Aug-2017 11:27:36,118.71
29-Aug-2017 12:27:36,119.62
29-Aug-2017 13:27:36,119.62
29-Aug-2017 14:27:36,119.62
29-Aug-2017 15:27:36,119.62
29-Aug-2017 16:27:36,119.62
29-Aug-2017 17:27:36,119.62
29-Aug-2017 18:27:36,120.64
29-Aug-2017 19:27:36,122.88
29-Aug-2017 20:27:36,123.27
29-Aug-2017 21:27:36,125
29-Aug-2017 22:27:36,122.94
29-Aug-2017 23:27:36,122.94
30-Aug-2017 00:27:36,122.11
30-Aug-2017 01:27:36,122.11
30-Aug-2017 02:27:36,122.11
30-Aug-2017 03:27:36,123.46
30-Aug-2017 04:27:36,121.22
30-Aug-2017 05:27:36,123.27
30-Aug-2017 06:27:36,124.29
30-Aug-2017 07:27:36,124.16
30-Aug-2017 08:27:36,119.16
30-Aug-2017 09:27:36,119.16
30-Aug-2017 10:27:36,123.65
30-Aug-2017 11:27:36,123.65
30-Aug-2017 12:27:36,123.65
30-Aug-2017 13:27:36,125.58
30-Aug-2017 14:27:36,125.58
30-Aug-2017 15:27:36,128.72
30-Aug-2017 16:27:36,128.72
30-Aug-2017 17:27:36,128.72
30-Aug-2017 18:27:36,128.27
30-Aug-2017 19:27:36,128.27
30-Aug-2017 20:27:36,126.09
30-Aug-2017 21:27:36,126.09
30-Aug-2017 22:27:36,126.09
30-Aug-2017 23:27:36,127.82
31-Aug-2017 00:27:36,124.55
31-Aug-2017 01:27:36,122.69
31-Aug-2017 02:27:36,122.69
31-Aug-2017 03:27:36,120.06
31-Aug-2017 04:27:36,120
31-Aug-2017 05:27:36,123.4
31-Aug-2017 06:27:36,121.98
31-Aug-2017 07:27:36,120.89
31-Aug-2017 08:27:36,121.6
31-Aug-2017 09:27:36,121.6
31-Aug-2017 10:27:36,124.49
31-Aug-2017 11:27:36,124.49
31-Aug-2017 12:27:36,122.82
31-Aug-2017 13:27:36,123.27
31-Aug-2017 14:27:36,123.27
31-Aug-2017 15:27:36,126.86
31-Aug-2017 16:27:36,123.65
31-Aug-2017 17:27:36,126.47
31-Aug-2017 18:27:36,124.29
31-Aug-2017 19:27:36,122.56
31-Aug-2017 20:27:36,123.65
31-Aug-2017 21:27:36,124.55
31-Aug-2017 22:27:36,124.55
31-Aug-2017 23:27:36,124.81
01-Sep-2017 00:27:36,124.03
01-Sep-2017 01:27:36,125.64
01-Sep-2017 02:27:36,125.64
01-Sep-2017 03:27:36,125.64
01-Sep-2017 04:27:36,118.4
01-Sep-2017 05:27:36,119.62
01-Sep-2017 06:27:36,119.62
01-Sep-2017 07:27:36,117.69
01-Sep-2017 08:27:36,118.2
01-Sep-2017 09:27:36,114.74
01-Sep-2017 10:27:36,117.88
01-Sep-2017 11:27:36,117.88
01-Sep-2017 12:27:36,127.05
01-Sep-2017 13:27:36,123.65
01-Sep-2017 14:27:36,128.72
01-Sep-2017 15:27:36,121.73
01-Sep-2017 16:27:36,120.32
01-Sep-2017 17:27:36,128.01
01-Sep-2017 18:27:36,121.41
01-Sep-2017 19:27:36,126.66
01-Sep-2017 20:27:36,125.25
01-Sep-2017 21:27:36,127.82
01-Sep-2017 22:27:36,126.66
01-Sep-2017 23:27:36,126.73
02-Sep-2017 00:27:36,125.9
02-Sep-2017 01:27:36,125.9
02-Sep-2017 02:27:36,125.9
02-Sep-2017 03:27:36,118.07
02-Sep-2017 04:27:36,118.07
02-Sep-2017 05:27:36,120.89
02-Sep-2017 06:27:36,120.89
02-Sep-2017 07:27:36,117.95
02-Sep-2017 08:27:36,117.37
02-Sep-2017 09:27:36,119.93
02-Sep-2017 10:27:36,121.41
02-Sep-2017 11:27:36,119.23
02-Sep-2017 12:27:36,119.23
02-Sep-2017 13:27:36,121.54
02-Sep-2017 14:27:36,121.54
02-Sep-2017 15:27:36,124.68
02-Sep-2017 16:27:36,124.68
02-Sep-2017 17:27:36,123.14
02-Sep-2017 18:27:36,124.23
02-Sep-2017 19:27:36,125.64
02-Sep-2017 20:27:36,127.24
02-Sep-2017 21:27:36,121.73
02-Sep-2017 22:27:36,119.8
02-Sep-2017 23:27:36,119.8
03-Sep-2017 00:27:36,116.79
03-Sep-2017 01:27:36,116.79
03-Sep-2017 02:27:36,116.79
03-Sep-2017 03:27:36,116.79
03-Sep-2017 04:27:36,116.66
03-Sep-2017 05:27:36,117.24
03-Sep-2017 06:27:36,117.24
03-Sep-2017 07:27:36,120.96
03-Sep-2017 08:27:36,122.31
03-Sep-2017 09:27:36,121.02
03-Sep-2017 10:27:36,121.98
03-Sep-2017 11:27:36,123.97
03-Sep-2017 12:27:36,125.06
03-Sep-2017 13:27:36,125.9
03-Sep-2017 14:27:36,125.9
03-Sep-2017 15:27:36,128.2
03-Sep-2017 16:27:36,132.17
03-Sep-2017 17:27:36,131.08
03-Sep-2017 18:27:36,131.08
03-Sep-2017 19:27:36,131.08
03-Sep-2017 20:27:36,129.48
03-Sep-2017 21:27:36,129.42
03-Sep-2017 22:27:36,127.24
03-Sep-2017 23:27:36,127.75
04-Sep-2017 00:27:36,126.41
04-Sep-2017 01:27:36,126.41
04-Sep-2017 02:27:36,126.41
04-Sep-2017 03:27:36,126.41
04-Sep-2017 04:27:36,124.68
04-Sep-2017 05:27:36,125.25
04-Sep-2017 06:27:36,125.25
04-Sep-2017 07:27:36,127.94
04-Sep-2017 08:27:36,125.25
04-Sep-2017 09:27:36,125.25
04-Sep-2017 10:27:36,127.94
04-Sep-2017 11:27:36,126.86
04-Sep-2017 12:27:36,131.15
04-Sep-2017 13:27:36,129.81
04-Sep-2017 14:27:36,130.96
04-Sep-2017 15:27:36,130.96
04-Sep-2017 16:27:36,127.5
04-Sep-2017 17:27:36,127.5
04-Sep-2017 18:27:36,125.25
04-Sep-2017 19:27:36,125.25
04-Sep-2017 20:27:36,125.25
04-Sep-2017 21:27:36,125.19
04-Sep-2017 22:27:36,126.15
04-Sep-2017 23:27:36,123.97
05-Sep-2017 00:27:36,123.97
05-Sep-2017 01:27:36,123.01
05-Sep-2017 02:27:36,123.27
05-Sep-2017 03:27:36,123.27
05-Sep-2017 04:27:36,123.27
05-Sep-2017 05:27:36,123.72
05-Sep-2017 06:27:36,123.72
05-Sep-2017 07:27:36,123.72
05-Sep-2017 08:27:36,116.41
05-Sep-2017 09:27:36,116.41
05-Sep-2017 10:27:36,116.41
05-Sep-2017 11:27:36,116.41
05-Sep-2017 12:27:36,118.46
05-Sep-2017 13:27:36,118.46
05-Sep-2017 14:27:36,121.02
05-Sep-2017 15:27:36,121.02
05-Sep-2017 16:27:36,119.87
05-Sep-2017 17:27:36,119.87
05-Sep-2017 18:27:36,119.87
05-Sep-2017 19:27:36,118.97
05-Sep-2017 20:27:36,120.45
05-Sep-2017 21:27:36,120.45
05-Sep-2017 22:27:36,120.45
05-Sep-2017 23:27:36,120.45
06-Sep-2017 00:27:36,120.45
06-Sep-2017 01:27:36,121.47
06-Sep-2017 02:27:36,121.47
06-Sep-2017 03:27:36,121.47
06-Sep-2017 04:27:36,121.47
06-Sep-2017 05:27:36,121.47
06-Sep-2017 06:27:36,121.47
06-Sep-2017 07:27:36,121.47
06-Sep-2017 08:27:36,121.47
06-Sep-2017 09:27:36,121.92
06-Sep-2017 10:27:36,120.58
06-Sep-2017 11:27:36,119.1
06-Sep-2017 12:27:36,119.1
06-Sep-2017 13:27:36,123.65
06-Sep-2017 14:27:36,122.18
06-Sep-2017 15:27:36,121.54
06-Sep-2017 16:27:36,120.13
06-Sep-2017 17:27:36,120
06-Sep-2017 18:27:36,120
06-Sep-2017 19:27:36,120
06-Sep-2017 20:27:36,122.63
06-Sep-2017 21:27:36,122.63
06-Sep-2017 22:27:36,122.63
06-Sep-2017 23:27:36,122.63
07-Sep-2017 00:27:36,119.8
07-Sep-2017 01:27:36,119.8
07-Sep-2017 02:27:36,118.14
07-Sep-2017 03:27:36,118.14
07-Sep-2017 04:27:36,116.79
07-Sep-2017 05:27:36,114.48
07-Sep-2017 06:27:36,114.48
07-Sep-2017 07:27:36,115.57
07-Sep-2017 08:27:36,117.24
07-Sep-2017 09:27:36,117.24
07-Sep-2017 10:27:36,121.02
07-Sep-2017 11:27:36,121.02
07-Sep-2017 12:27:36,122.5
07-Sep-2017 13:27:36,122.88
07-Sep-2017 14:27:36,122.88
07-Sep-2017 15:27:36,122.88
07-Sep-2017 16:27:36,122.88
07-Sep-2017 17:27:36,122.88
07-Sep-2017 18:27:36,124.94
07-Sep-2017 19:27:36,124.94
07-Sep-2017 20:27:36,122.76
07-Sep-2017 21:27:36,123.33
07-Sep-2017 22:27:36,123.33
07-Sep-2017 23:27:36,122.56
08-Sep-2017 00:27:36,122.56
08-Sep-2017 01:27:36,116.86
08-Sep-2017 02:27:36,116.86
08-Sep-2017 03:27:36,118.2
08-Sep-2017 04:27:36,117.69
08-Sep-2017 05:27:36,117.69
08-Sep-2017 06:27:36,119.16
08-Sep-2017 07:27:36,118.84
08-Sep-2017 08:27:36,118.46
08-Sep-2017 09:27:36,117.31
08-Sep-2017 10:27:36,118.4
08-Sep-2017 11:27:36,118.65
08-Sep-2017 12:27:36,120.25
08-Sep-2017 13:27:36,118.14
08-Sep-2017 14:27:36,121.02
08-Sep-2017 15:27:36,121.02
08-Sep-2017 16:27:36,119.55
08-Sep-2017 17:27:36,119.55
08-Sep-2017 18:27:36,121.28
08-Sep-2017 19:27:36,119.62
08-Sep-2017 20:27:36,120.38
08-Sep-2017 21:27:36,119.67
08-Sep-2017 22:27:36,120.76
08-Sep-2017 23:27:36,122.31
09-Sep-2017 00:27:36,120.38
09-Sep-2017 01:27:36,118.01
09-Sep-2017 02:27:36,117.11
09-Sep-2017 03:27:36,117.11
09-Sep-2017 04:27:36,118.65
09-Sep-2017 05:27:36,118.65
09-Sep-2017 06:27:36,118.71
09-Sep-2017 07:27:36,119.55
09-Sep-2017 08:27:36,115.89
09-Sep-2017 09:27:36,120.51
09-Sep-2017 10:27:36,120.51
09-Sep-2017 11:27:36,120.51
09-Sep-2017 12:27:36,120.45
09-Sep-2017 13:27:36,119.55
09-Sep-2017 14:27:36,121.28
09-Sep-2017 15:27:36,121.28
09-Sep-2017 16:27:36,120.58
09-Sep-2017 17:27:36,119.1
09-Sep-2017 18:27:36,119.1
09-Sep-2017 19:27:36,119.1
09-Sep-2017 20:27:36,117.88
09-Sep-2017 21:27:36,117.88
09-Sep-2017 22:27:36,117.88
09-Sep-2017 23:27:36,118.78
10-Sep-2017 00:27:36,118.78
10-Sep-2017 01:27:36,118.78
10-Sep-2017 02:27:36,118.78
10-Sep-2017 03:27:36,116.66
10-Sep-2017 04:27:36,116.22
10-Sep-2017 05:27:36,116.22
10-Sep-2017 06:27:36,116.79
10-Sep-2017 07:27:36,116.79
10-Sep-2017 08:27:36,115.77
10-Sep-2017 09:27:36,116.79
10-Sep-2017 10:27:36,116.79
10-Sep-2017 11:27:36,121.15
10-Sep-2017 12:27:36,121.15
10-Sep-2017 13:27:36,123.59
10-Sep-2017 14:27:36,122.69
10-Sep-2017 15:27:36,125.12
10-Sep-2017 16:27:36,121.85
10-Sep-2017 17:27:36,123.78
10-Sep-2017 18:27:36,120.64
10-Sep-2017 19:27:36,123.59
10-Sep-2017 20:27:36,124.94
10-Sep-2017 21:27:36,124.94
10-Sep-2017 22:27:36,124.94
10-Sep-2017 23:27:36,124.94
11-Sep-2017 00:27:36,120.89
11-Sep-2017 01:27:36,120.89
11-Sep-2017 02:27:36,119.67
11-Sep-2017 03:27:36,117.62
11-Sep-2017 04:27:36,117.62
11-Sep-2017 05:27:36,117.11
11-Sep-2017 06:27:36,117.11
11-Sep-2017 07:27:36,115.06
11-Sep-2017 08:27:36,115.06
11-Sep-2017 09:27:36,118.53
11-Sep-2017 10:27:36,118.53
11-Sep-2017 11:27:36,118.78
11-Sep-2017 12:27:36,121.6
11-Sep-2017 13:27:36,125.32
11-Sep-2017 14:27:36,125.32
11-Sep-2017 15:27:36,121.15
11-Sep-2017 16:27:36,122.94
11-Sep-2017 17:27:36,118.91
11-Sep-2017 18:27:36,124.16
11-Sep-2017 19:27:36,124.16
11-Sep-2017 20:27:36,123.46
11-Sep-2017 21:27:36,125.64
11-Sep-2017 22:27:36,123.65
11-Sep-2017 23:27:36,123.65
12-Sep-2017 00:27:36,124.87
12-Sep-2017 01:27:36,124.55
12-Sep-2017 02:27:36,123.4
12-Sep-2017 03:27:36,123.33
12-Sep-2017 04:27:36,122.31
12-Sep-2017 05:27:36,122.31
12-Sep-2017 06:27:36,123.65
12-Sep-2017 07:27:36,123.85
12-Sep-2017 08:27:36,121.6
12-Sep-2017 09:27:36,121.6
12-Sep-2017 10:27:36,121.6
12-Sep-2017 11:27:36,113.91
12-Sep-2017 12:27:36,113.91
12-Sep-2017 13:27:36,113.91
12-Sep-2017 14:27:36,113.91
12-Sep-2017 15:27:36,113.52
12-Sep-2017 16:27:36,113.52
12-Sep-2017 17:27:36,113.52
12-Sep-2017 18:27:36,113.52
12-Sep-2017 19:27:36,113.52
12-Sep-2017 20:27:36,113.52
12-Sep-2017 21:27:36,113.52
12-Sep-2017 22:27:36,113.52
12-Sep-2017 23:27:36,116.35
13-Sep-2017 00:27:36,116.35
13-Sep-2017 01:27:36,116.35
13-Sep-2017 02:27:36,116.35
13-Sep-2017 03:27:36,121.34
13-Sep-2017 04:27:36,121.34
13-Sep-2017 05:27:36,120.83
13-Sep-2017 06:27:36,120.83
13-Sep-2017 07:27:36,120.83
13-Sep-2017 08:27:36,120.71
13-Sep-2017 09:27:36,118.97
13-Sep-2017 10:27:36,119.8
13-Sep-2017 11:27:36,119.8
13-Sep-2017 12:27:36,121.8
13-Sep-2017 13:27:36,120.89
13-Sep-2017 14:27:36,124.03
13-Sep-2017 15:27:36,124.03
13-Sep-2017 16:27:36,124.03
13-Sep-2017 17:27:36,119.8
13-Sep-2017 18:27:36,120.64
13-Sep-2017 19:27:36,122.11
13-Sep-2017 20:27:36,123.27
13-Sep-2017 21:27:36,123.27
13-Sep-2017 22:27:36,123.27
13-Sep-2017 23:27:36,123.27
14-Sep-2017 00:27:36,123.27
14-Sep-2017 01:27:36,123.27
14-Sep-2017 02:27:36,123.27
14-Sep-2017 03:27:36,121.73
14-Sep-2017 04:27:36,121.73
14-Sep-2017 05:27:36,121.73
14-Sep-2017 06:27:36,121.73
14-Sep-2017 07:27:36,120.38
14-Sep-2017 08:27:36,120.38
14-Sep-2017 09:27:36,120.38
14-Sep-2017 10:27:36,120.96
14-Sep-2017 11:27:36,120.96
14-Sep-2017 12:27:36,120.96
14-Sep-2017 13:27:36,121.34
14-Sep-2017 14:27:36,123.46
14-Sep-2017 15:27:36,123.46
14-Sep-2017 16:27:36,125.12
14-Sep-2017 17:27:36,123.78
14-Sep-2017 18:27:36,124.29
14-Sep-2017 19:27:36,125.7
14-Sep-2017 20:27:36,124.94
14-Sep-2017 21:27:36,123.59
14-Sep-2017 22:27:36,121.92
14-Sep-2017 23:27:36,121.92
15-Sep-2017 00:27:36,121.92
15-Sep-2017 01:27:36,121.92
15-Sep-2017 02:27:36,120.13
15-Sep-2017 03:27:36,120.45
15-Sep-2017 04:27:36,120.45
15-Sep-2017 05:27:36,120
15-Sep-2017 06:27:36,120.38
15-Sep-2017 07:27:36,119.23
15-Sep-2017 08:27:36,119.42
15-Sep-2017 09:27:36,121.15
15-Sep-2017 10:27:36,121.15
15-Sep-2017 11:27:36,121.15
15-Sep-2017 12:27:36,126.34
15-Sep-2017 13:27:36,127.75
15-Sep-2017 14:27:36,127.75
15-Sep-2017 15:27:36,130.57
15-Sep-2017 16:27:36,130.57
15-Sep-2017 17:27:36,132.5
15-Sep-2017 18:27:36,131.6
15-Sep-2017 19:27:36,131.6
15-Sep-2017 20:27:36,131.6
15-Sep-2017 21:27:36,126.34
15-Sep-2017 22:27:36,126.34
15-Sep-2017 23:27:36,126.34
16-Sep-2017 00:27:36,126.34
16-Sep-2017 01:27:36,125.12
16-Sep-2017 02:27:36,124.03
16-Sep-2017 03:27:36,124.68
16-Sep-2017 04:27:36,123.65
16-Sep-2017 05:27:36,122.05
16-Sep-2017 06:27:36,122.05
16-Sep-2017 07:27:36,122.05
16-Sep-2017 08:27:36,121.02
16-Sep-2017 09:27:36,122.56
16-Sep-2017 10:27:36,122.56
16-Sep-2017 11:27:36,127.11
16-Sep-2017 12:27:36,127.11
16-Sep-2017 13:27:36,128.97
16-Sep-2017 14:27:36,128.97
16-Sep-2017 15:27:36,131.47
16-Sep-2017 16:27:36,132.3
16-Sep-2017 17:27:36,132.3
16-Sep-2017 18:27:36,133.26
16-Sep-2017 19:27:36,133.26
16-Sep-2017 20:27:36,129.03
16-Sep-2017 21:27:36,127.43
16-Sep-2017 22:27:36,127.43
16-Sep-2017 23:27:36,125.58
17-Sep-2017 00:27:36,125.45
17-Sep-2017 01:27:36,125.25
17-Sep-2017 02:27:36,123.01
17-Sep-2017 03:27:36,123.01
17-Sep-2017 04:27:36,123.01
17-Sep-2017 05:27:36,122.05
17-Sep-2017 06:27:36,122.05
17-Sep-2017 07:27:36,124.23
17-Sep-2017 08:27:36,124.36
17-Sep-2017 09:27:36,124.36
17-Sep-2017 10:27:36,124.36
17-Sep-2017 11:27:36,124.36
17-Sep-2017 12:27:36,124.36
17-Sep-2017 13:27:36,131.41
17-Sep-2017 14:27:36,131.41
17-Sep-2017 15:27:36,131.41
17-Sep-2017 16:27:36,130.32
17-Sep-2017 17:27:36,127.69
17-Sep-2017 18:27:36,130.51
17-Sep-2017 19:27:36,130.51
17-Sep-2017 20:27:36,128.14
17-Sep-2017 21:27:36,128.14
17-Sep-2017 22:27:36,124.68
17-Sep-2017 23:27:36,124.36
18-Sep-2017 00:27:36,124.1
18-Sep-2017 01:27:36,124.1
18-Sep-2017 02:27:36,121.22
18-Sep-2017 03:27:36,121.22
18-Sep-2017 04:27:36,121.02
18-Sep-2017 05:27:36,121.41
18-Sep-2017 06:27:36,120.32
18-Sep-2017 07:27:36,119.23
18-Sep-2017 08:27:36,119.23
18-Sep-2017 09:27:36,121.41
18-Sep-2017 10:27:36,121.41
18-Sep-2017 11:27:36,122.63
18-Sep-2017 12:27:36,121.22
18-Sep-2017 13:27:36,121.22
18-Sep-2017 14:27:36,121.22
18-Sep-2017 15:27:36,121.22
18-Sep-2017 16:27:36,121.73
18-Sep-2017 17:27:36,121.73
18-Sep-2017 18:27:36,121.73
18-Sep-2017 19:27:36,122.24
18-Sep-2017 20:27:36,121.92
18-Sep-2017 21:27:36,121.8
18-Sep-2017 22:27:36,121.8
18-Sep-2017 23:27:36,124.03
19-Sep-2017 00:27:36,124.03
19-Sep-2017 01:27:36,122.69
19-Sep-2017 02:27:36,122.69
19-Sep-2017 03:27:36,120.64
19-Sep-2017 04:27:36,121.15
19-Sep-2017 05:27:36,120.96
19-Sep-2017 06:27:36,120.96
19-Sep-2017 07:27:36,120.51
19-Sep-2017 08:27:36,120.13
19-Sep-2017 09:27:36,119.67
19-Sep-2017 10:27:36,119.67
19-Sep-2017 11:27:36,119.67
19-Sep-2017 12:27:36,119.67
19-Sep-2017 13:27:36,119.67
19-Sep-2017 14:27:36,119.67
19-Sep-2017 15:27:36,119.8
19-Sep-2017 16:27:36,119.8
19-Sep-2017 17:27:36,119.8
19-Sep-2017 18:27:36,123.85
19-Sep-2017 19:27:36,123.85
19-Sep-2017 20:27:36,123.14
19-Sep-2017 21:27:36,123.85
19-Sep-2017 22:27:36,123.85
19-Sep-2017 23:27:36,123.2
20-Sep-2017 00:27:36,124.1
20-Sep-2017 01:27:36,124.1
20-Sep-2017 02:27:36,124.1
20-Sep-2017 03:27:36,124.1
20-Sep-2017 04:27:36,122.69
20-Sep-2017 05:27:36,122.88
20-Sep-2017 06:27:36,123.46
20-Sep-2017 07:27:36,123.46
20-Sep-2017 08:27:36,123.4
20-Sep-2017 09:27:36,123.4
20-Sep-2017 10:27:36,123.65
20-Sep-2017 11:27:36,123.65
20-Sep-2017 12:27:36,123.65
20-Sep-2017 13:27:36,123.65
20-Sep-2017 14:27:36,123.65
20-Sep-2017 15:27:36,123.65